year,state,county_fips,county_name,hazard_event_count,event_type_count,dominant_event_type,wind_speed_mph,hail_size_inches,flood_depth_feet,storm_duration_hours,property_damage_usd,nfip_claim_count,avg_building_payout_usd,avg_contents_payout_usd,total_nfip_payout_usd,nfip_record_available,median_income_usd,population_density_per_sq_mi,housing_age_median_years,construction_type,vacancy_rate_pct,homeownership_rate_pct,pct_units_pre1980,total_observed_loss_usd,log_property_damage,log_total_nfip_payout,log_total_observed_loss,severity_metric,high_severity_flag,socioeconomic_resilience_index,wind_speed_mph_outlier_flag,hail_size_inches_outlier_flag,flood_depth_feet_outlier_flag,storm_duration_hours_outlier_flag,property_damage_usd_outlier_flag,nfip_claim_count_outlier_flag,total_nfip_payout_usd_outlier_flag,median_income_usd_outlier_flag,population_density_per_sq_mi_outlier_flag
2000,AL,01097,Mobile,1,1,Flash Flood,63.4,0.0,3.18,5.8,16673,49.0,71409.0,8988.0,3939453.0,1,46473,451,42,wood,15.2,74.0,53.6,3956126.0,9.721605898970559,15.186552692991,15.190776074343924,0.4181456403679918,0,0.04612520635799422,0,0,1,0,0,0,0,0,0
2000,AZ,04013,Maricopa,1,1,Winter Storm,36.6,0.0,0.0,1.7,93323,13.0,39642.0,20961.0,787839.0,1,60964,510,22,masonry,13.1,73.2,20.7,881162.0,11.443832588482943,13.57705030253817,13.688997904830885,0.28793172986763677,0,1.1438382326313867,0,0,0,0,0,0,0,0,0
2000,AR,05119,Pulaski,2,1,Thunderstorm Wind,97.0,0.0,0.0,7.199999999999999,17227,25.0,11005.0,4218.0,380575.0,1,48723,386,36,wood,7.0,63.3,43.2,397802.0,9.754291246174,12.849441173526971,12.893712186851701,0.3404953214180643,0,0.4321092496531801,0,0,0,0,0,0,0,0,0
2000,CA,06037,Los Angeles,1,1,Wildfire,48.4,0.0,0.0,1.4,4900,55.0,31007.0,8830.0,2191035.0,1,72690,2416,45,wood,13.0,60.0,42.7,2195935.0,8.497194544909547,14.59988504929611,14.60211893728887,0.27021377778035044,0,0.0735387560546747,0,0,0,0,0,0,0,0,0
2000,CA,06073,San Diego,1,1,Winter Storm,14.3,0.0,0.0,1.7,20602,21.0,45860.0,5235.0,1072995.0,1,77525,762,32,wood,14.1,62.8,35.0,1093597.0,9.933191975242458,13.88596529374009,13.904983735567965,0.25583601755308394,0,0.5103871167761894,0,0,0,0,0,0,0,0,0
2000,CO,08031,Denver,2,1,Thunderstorm Wind,81.1,0.0,0.0,5.3,93876,3.0,27204.0,11626.0,116490.0,1,68016,4457,40,wood,16.1,59.0,50.0,210366.0,11.449740693766254,11.665569295784824,12.256608903437904,0.3264112335115957,0,-0.18485757508208173,0,0,0,0,0,0,0,0,0
2000,FL,12057,Hillsborough,2,2,Flash Flood,109.4,0.0,4.07,11.8,191284,396.0,19686.0,7937.0,10938708.0,1,54679,1345,32,masonry,7.1,61.5,44.8,11129992.0,12.161519741481076,16.207818340682085,16.22515409432071,0.5513748853752801,1,0.47598378614917214,0,0,1,0,0,1,1,0,0
2000,FL,12086,Miami-Dade,1,1,Hurricane (Typhoon),151.8,0.0,3.4,7.1,33173,161.0,43462.0,6011.0,7965153.0,1,50721,1404,38,masonry,5.2,63.0,43.5,7998326.0,10.409521715565988,15.890586835728202,15.894742952774427,0.5147616262505694,1,0.49506084268724637,0,0,1,0,0,1,0,0,0
2000,GA,13089,Dekalb,1,1,Thunderstorm Wind,75.7,0.0,0.0,10.6,14133,21.0,102192.0,8118.0,2316510.0,1,56444,2638,40,wood,16.4,58.3,42.9,2330643.0,9.5563385212508,14.655572732370626,14.661655182201649,0.3572285557602017,0,-0.2242208193647714,0,0,0,0,0,0,0,0,0
2000,IL,17031,Cook,2,1,Flash Flood,59.0,0.0,0.52,13.9,45974,54.0,88614.0,8922.0,5266944.0,1,62328,5805,52,wood,10.5,56.7,57.5,5312918.0,10.735853049472523,15.47696105603394,15.485651959692923,0.3992032662614536,0,-0.3529762658053056,0,0,1,0,0,0,0,0,1
2000,IL,17167,Sangamon,1,1,Thunderstorm Wind,58.2,0.0,0.0,8.6,7966,59.0,46459.0,17578.0,3778183.0,1,58281,294,44,wood,12.3,62.3,51.0,3786149.0,8.983063289380366,15.144754028875107,15.146860229617914,0.32978661825921396,0,-0.059539967959851045,0,0,0,0,0,0,0,0,0
2000,IN,18097,Marion,2,2,Thunderstorm Wind,80.2,1.97,0.0,12.7,29660,66.0,119719.0,17053.0,9026952.0,1,53683,2254,46,wood,5.0,60.7,53.4,9056612.0,10.297588330565242,16.015725437664322,16.01900576706357,0.46997279737732117,1,0.15991393741341373,0,0,0,0,0,0,1,0,0
2000,IA,19153,Polk,1,1,Hail,60.1,1.99,0.0,1.8,123491,57.0,39294.0,45226.0,4817640.0,1,61486,534,38,wood,16.0,68.9,41.7,4941131.0,11.723931655624092,15.387794947135033,15.413105012710872,0.40329163593066775,0,0.23854147116840854,0,0,0,0,0,0,0,0,0
2000,KS,20173,Sedgwick,1,1,Hail,74.9,2.44,0.0,6.6,72034,17.0,82229.0,10847.0,1582292.0,1,56580,536,40,wood,11.3,56.3,49.9,1654326.0,11.184907390995573,14.274385618757455,14.318904837564501,0.443856236146821,0,-0.12239521308489854,0,0,0,0,0,0,0,0,0
2000,LA,22033,East Baton Rouge,1,1,Flash Flood,82.3,0.0,3.16,10.5,133649,40.0,217131.0,2563.0,8787760.0,1,47518,534,38,wood,5.3,67.9,41.3,8921409.0,11.802979721567064,15.98887051594021,16.00396456381305,0.49056416706361317,1,0.6493899183674829,0,0,1,0,0,0,1,0,0
2000,MI,26081,Kent,1,1,Flash Flood,37.5,0.0,1.15,5.3,4379,101.0,32419.0,5070.0,3786389.0,1,62327,647,42,wood,12.3,59.0,41.7,3790768.0,8.384804003370492,15.14692361653963,15.148079458851376,0.32087757180333326,0,0.05234252156181194,0,0,1,0,0,0,0,0,0
2000,MN,27053,Hennepin,3,2,Tornado,94.0,1.58,0.0,28.6,35570,47.0,9682.0,7562.0,810468.0,1,73480,1882,46,wood,5.4,65.0,60.4,846038.0,10.47928597812618,13.60536837143133,13.6483207368166,0.5380481455946869,1,0.35610884101344364,0,0,0,1,0,0,0,0,0
2000,MS,28049,Hinds,1,1,Hail,96.7,0.0,0.0,9.0,57985,5.0,91128.0,13117.0,521225.0,1,39257,293,46,wood,6.3,62.8,54.9,579210.0,10.967956881081538,13.163939007869661,13.26942211158601,0.3674964018711002,0,-0.0011152018614397352,0,0,0,0,0,0,0,0,0
2000,MO,29095,Jackson,2,2,Hail,74.9,2.17,0.0,16.9,69799,14.0,21758.0,7100.0,404012.0,1,54546,1505,44,wood,10.9,70.5,54.6,473811.0,11.153389288750464,12.909202334643401,13.06856589752835,0.48034674497773183,1,0.1864511391325801,0,0,0,0,0,0,0,0,0
2000,NE,31055,Douglas,1,1,Hail,81.3,2.18,0.0,11.4,39191,8.0,9249.0,4739.0,111904.0,1,62670,1438,38,wood,7.5,61.0,47.4,151095.0,10.576227923318411,11.625405576054229,11.925670675375683,0.4359525566145817,0,0.36241268330864856,0,0,0,0,0,0,0,0,0
2000,NV,32003,Clark,1,1,Winter Storm,57.9,0.0,0.0,3.7,17304,6.0,21469.0,26420.0,287334.0,1,57829,474,28,masonry,5.9,69.8,31.8,304638.0,9.758750756069444,12.568404061424935,12.626882748016724,0.2875426226598015,0,1.1070770542549404,0,0,0,0,0,0,0,0,0
2000,NJ,34013,Essex,1,1,Flash Flood,70.8,0.0,0.45,10.2,97307,12.0,23437.0,4956.0,340716.0,1,60267,6101,58,masonry,15.5,66.2,57.3,438023.0,11.485636484732558,12.738807499674556,12.990028982377966,0.3695241222050327,0,-0.4440454661622287,0,0,1,0,0,0,0,0,1
2000,NY,36029,Erie,1,1,Flash Flood,54.0,0.0,0.0,8.9,85742,16.0,47798.0,21532.0,1109280.0,1,55956,697,55,wood,15.4,69.9,64.6,1195022.0,11.359109729042999,13.919222615661559,13.993675990024455,0.34499393448384524,0,-0.41641183320975655,0,0,0,0,0,0,0,0,0
2000,NY,36059,Nassau,1,1,Winter Storm,33.0,0.0,0.0,3.6,3707,58.0,70067.0,13865.0,4868056.0,1,100446,4729,58,masonry,10.3,57.5,74.4,4871763.0,8.218247926685745,15.398205442141792,15.39896664713293,0.2747660833760939,0,-0.32663801555553285,0,0,0,0,0,0,0,0,0
2000,NC,37119,Mecklenburg,2,1,Tornado,69.5,1.24,0.0,17.2,25795,46.0,195641.0,19083.0,9877304.0,1,60716,1031,28,wood,6.3,62.1,33.3,9903099.0,10.157974720130268,16.1057502592353,16.108358397402572,0.4584372044764766,0,0.8445079878390237,0,0,0,0,0,0,1,0,0
2000,OH,39035,Cuyahoga,1,1,Thunderstorm Wind,13.2,0.0,0.0,5.6,18773,12.0,22784.0,11225.0,408108.0,1,52268,2757,54,wood,11.8,67.6,56.2,426881.0,9.840228212896937,12.919289574569003,12.964262907415787,0.2678598457234717,0,-0.18673825687515103,0,0,0,0,0,0,0,0,0
2000,OK,40109,Oklahoma,1,1,Tornado,65.8,2.73,0.0,6.2,47560,38.0,17056.0,6321.0,888326.0,1,55307,823,36,wood,12.6,66.4,38.5,935886.0,10.769768376656003,13.697095197432647,13.749250021675973,0.4358427798548794,0,0.3672134718810848,0,0,0,0,0,0,0,0,0
2000,OK,40143,Tulsa,1,1,Tornado,82.4,1.87,0.0,0.6,19181,22.0,69472.0,6545.0,1672374.0,1,52990,924,40,wood,17.1,59.2,48.0,1691555.0,9.861727618287896,14.32975532977592,14.341159373364906,0.3780715740974072,0,-0.3429457621242159,0,0,0,0,0,0,0,0,0
2000,OR,41051,Multnomah,3,2,Winter Storm,40.4,0.0,0.0,12.6,437048,58.0,152490.0,14220.0,9669180.0,1,66854,1689,42,wood,13.8,66.2,54.4,10106228.0,12.987800595938289,16.084454168909875,16.128662524383316,0.39378826430253766,0,0.051743088996850095,0,0,0,0,1,0,1,0,0
2000,PA,42101,Philadelphia,1,1,Winter Storm,49.4,0.0,0.0,4.9,13480,43.0,123886.0,34044.0,6790990.0,1,47295,11491,60,masonry,12.9,59.4,71.4,6804470.0,9.509036565691064,15.731107438811588,15.733090454087911,0.3128984367012057,0,-0.8974249253775742,0,0,0,0,0,0,0,0,1
2000,SC,45045,Greenville,1,1,Tornado,66.9,1.76,0.0,3.6,98226,20.0,43320.0,3371.0,933820.0,1,54629,497,30,wood,6.0,64.2,36.3,1032046.0,11.495036405634488,13.747040050021727,13.84705476662227,0.3928702516614708,0,0.786943449129087,0,0,0,0,0,0,0,0,0
2000,TN,47157,Shelby,1,1,Tornado,54.0,0.84,0.0,9.4,63735,5.0,52345.0,18696.0,355205.0,1,54032,1365,40,wood,10.8,56.4,46.3,418940.0,11.062504831060203,12.780453181849378,12.945485377533563,0.3670160132011058,0,-0.06186509371405269,0,0,0,0,0,0,0,0,0
2000,TX,48113,Dallas,2,2,Hail,97.4,2.61,0.0,3.7,94732,48.0,101259.0,5314.0,5115504.0,1,63654,2901,34,wood,14.4,63.2,42.7,5210236.0,11.458817687321998,15.447786681722215,15.466135902138314,0.4647325525554074,0,0.22167008995264242,0,0,0,0,0,0,0,0,0
2000,UT,49035,Salt Lake,1,1,Winter Storm,49.7,0.0,0.0,0.6,11127,25.0,91239.0,7010.0,2456225.0,1,70457,1396,32,masonry,10.5,58.8,37.4,2467352.0,9.31721973360328,14.714136583559606,14.718656474047059,0.2771284270366891,0,0.4707601494197717,0,0,0,0,0,0,0,0,0
2000,VA,51059,Fairfax,1,1,Flash Flood,64.0,0.0,0.92,11.4,12888,4.0,16002.0,23281.0,157132.0,1,115643,2761,38,wood,10.3,57.5,51.7,170020.0,9.46412951340478,11.964847859473121,12.043677237815034,0.3544176621735538,0,0.536374434583057,0,0,1,0,0,0,0,1,0
2000,WA,53033,King,1,1,Winter Storm,30.2,0.0,0.0,7.3,15122,128.0,38333.0,34980.0,9384064.0,1,95910,940,36,wood,6.2,72.3,47.0,9399186.0,9.62397204275074,16.054523595975176,16.05613375413811,0.31603050601516625,0,1.1492446391428721,0,0,0,0,0,1,1,0,0
2000,WI,55079,Milwaukee,2,2,Flash Flood,78.7,0.0,0.8,16.5,101302,46.0,28910.0,22586.0,2368816.0,1,46105,6087,54,wood,8.5,72.4,60.3,2470118.0,11.525871304803195,14.677901232373284,14.719776885581282,0.4396498540019737,0,0.02117225392175074,0,0,1,0,0,0,0,0,1
2001,AL,01097,Mobile,2,2,Flash Flood,118.8,0.0,1.75,8.8,118950,170.0,21674.0,9859.0,5360610.0,1,48134,460,42,wood,14.9,58.5,50.5,5479560.0,11.68646692258942,15.494588519087642,15.51653554622621,0.4627780758637427,0,-0.3696872774310244,0,0,1,0,0,1,0,0,0
2001,AZ,04013,Maricopa,1,1,Thunderstorm Wind,37.5,0.0,0.0,6.1,23316,24.0,19248.0,4701.0,574776.0,1,64054,511,22,masonry,17.3,54.9,23.3,598092.0,10.056937987248993,13.261737418468543,13.301501539235685,0.29513535653204775,0,0.32628002008407087,0,0,0,0,0,0,0,0,0
2001,AR,05119,Pulaski,1,1,Thunderstorm Wind,103.2,0.0,0.0,1.6,775167,26.0,194995.0,31710.0,5894330.0,1,51706,388,36,wood,17.5,60.3,32.8,6669497.0,13.560835059036902,15.589501599508495,15.713055152690636,0.3813542594676791,0,-0.03496509441385607,0,0,0,0,1,0,0,0,0
2001,CA,06073,San Diego,1,1,Flash Flood,56.2,0.0,0.0,5.4,14819,15.0,174431.0,16437.0,2863020.0,1,76231,760,32,wood,5.3,67.4,46.0,2877839.0,9.603732898850078,14.867387919016677,14.872550570721424,0.31452976248662706,0,0.9450027798267591,0,0,0,0,0,0,0,0,0
2001,CO,08031,Denver,1,1,Thunderstorm Wind,38.5,0.0,0.0,9.5,253514,19.0,31828.0,11497.0,823175.0,1,69216,4597,40,wood,13.3,62.9,43.9,1076689.0,12.443178271860438,13.620925308558025,13.889402078122524,0.34636658202536674,0,0.19257173172008932,0,0,0,0,1,0,0,0,0
2001,FL,12086,Miami-Dade,2,2,Flash Flood,146.5,0.0,2.77,1.6,178743,30.0,79358.0,12465.0,2754690.0,1,50551,1377,38,masonry,10.6,52.0,47.7,2933433.0,12.093709893559323,14.828815834569163,14.891684308373287,0.4709538327479807,1,-0.20842490831996646,0,0,1,0,0,0,0,0,0
2001,GA,13089,Dekalb,1,1,Thunderstorm Wind,101.5,0.0,0.0,4.3,8849,46.0,20320.0,15609.0,1652734.0,1,58216,2582,40,wood,10.7,61.2,47.4,1661583.0,9.088172738001974,14.317942049371853,14.323281922224687,0.33250387011318533,0,0.11935692109245193,0,0,0,0,0,0,0,0,0
2001,IL,17031,Cook,1,1,Flash Flood,0.0,0.0,0.02,4.2,1,20.0,11782.0,8209.0,399820.0,1,62284,5682,52,wood,6.7,66.9,54.0,399821.0,0.6931471805599453,12.898772225932113,12.898774727048236,0.14384987194749363,0,0.22729479481109963,0,0,1,0,0,0,0,0,1
2001,IN,18097,Marion,2,2,Hail,108.3,1.18,0.0,17.8,40753,35.0,17131.0,7802.0,872655.0,1,55512,2318,46,wood,10.2,68.4,59.4,913408.0,10.615309273360882,13.679296713638124,13.724939032979872,0.4735503876316929,1,0.05525692993794038,0,0,0,0,0,0,0,0,0
2001,IA,19153,Polk,1,1,Hail,88.3,1.24,0.0,5.6,17755,11.0,76717.0,22409.0,1090386.0,1,62933,522,38,wood,11.6,59.9,43.4,1108141.0,9.784478765953926,13.902043237063015,13.91819529692249,0.3823363493355785,0,0.17287255605769541,0,0,0,0,0,0,0,0,0
2001,KS,20091,Johnson,1,1,Tornado,55.1,0.11,0.0,7.7,69604,17.0,29714.0,21767.0,875177.0,1,76479,1005,30,wood,10.6,65.3,43.1,944781.0,11.150591682822668,13.682182573222393,13.758709492032661,0.33868904125085025,0,0.6802978220112104,0,0,0,0,0,0,0,0,0
2001,KS,20173,Sedgwick,1,1,Thunderstorm Wind,53.4,0.0,0.0,8.4,4556,22.0,62586.0,5291.0,1493294.0,1,57003,535,40,wood,5.2,66.9,46.6,1497850.0,8.424419791263883,14.21649564575073,14.21954197215763,0.31023304219243447,0,0.5941989388271385,0,0,0,0,0,0,0,0,0
2001,LA,22033,East Baton Rouge,1,1,Flash Flood,91.2,0.0,1.3,3.8,34499,53.0,172496.0,70748.0,12891932.0,1,50342,538,38,wood,6.8,61.4,52.1,12926431.0,10.448714603019452,16.37211232488255,16.374784765258422,0.39296741550064396,0,0.22446201438568197,0,0,1,0,0,0,1,0,0
2001,MI,26081,Kent,1,1,Winter Storm,45.6,0.0,0.0,9.3,108097,65.0,41735.0,3717.0,2954380.0,1,61732,659,42,wood,8.6,52.9,39.6,3062477.0,11.590793502068543,14.898799711413973,14.934734950135848,0.35211986910600596,0,0.08062200278705696,0,0,0,0,0,0,0,0,0
2001,MN,27003,Anoka,1,1,Tornado,107.9,0.1,0.0,2.1,134055,182.0,32639.0,19617.0,9510592.0,1,73957,707,38,wood,13.3,61.6,37.7,9644647.0,11.80601290208056,16.067916787992907,16.081913708062416,0.3756414385525346,0,0.3276306875681777,0,0,0,0,0,1,1,0,0
2001,MN,27053,Hennepin,1,1,Tornado,64.5,0.92,0.0,10.6,10946,143.0,17013.0,5512.0,3221075.0,1,72369,1922,46,wood,9.3,67.1,57.8,3232021.0,9.300820725104558,14.985226023191759,14.98861850553065,0.38422768147643155,0,0.2450272514318082,0,0,0,0,0,1,0,0,0
2001,MS,28049,Hinds,2,1,Thunderstorm Wind,101.9,0.0,0.0,13.200000000000001,209474,6.0,38881.0,3154.0,252210.0,1,39156,296,46,wood,12.4,54.6,53.7,461684.0,12.252359679481486,12.438021317739436,13.042638119338333,0.4042393237111277,0,-0.5695586596923377,0,0,0,0,0,0,0,0,0
2001,MO,29095,Jackson,2,2,Hail,111.1,2.03,0.0,13.8,145476,51.0,96250.0,15236.0,5685786.0,1,56033,1527,44,wood,10.7,59.9,41.2,5831262.0,11.887773277497045,15.5534801100623,15.578744172942937,0.516984744403462,1,0.0768948715646021,0,0,0,0,0,0,0,0,0
2001,NE,31055,Douglas,2,2,Hail,96.1,2.5,0.0,14.100000000000001,68082,14.0,66135.0,5794.0,1007006.0,1,66542,1425,38,wood,7.9,68.4,47.2,1075088.0,11.128482828081323,13.822493123017155,13.887914006814613,0.5012445855163985,1,0.6168920800786697,0,0,0,0,0,0,0,0,0
2001,NV,32003,Clark,1,1,Thunderstorm Wind,64.8,0.0,0.0,10.2,7322,47.0,36229.0,15071.0,2411100.0,1,60071,481,28,masonry,9.2,62.9,33.2,2418422.0,8.89877535906107,14.695594047617288,14.698626232822274,0.3391911896073529,0,0.7113989492630168,0,0,0,0,0,0,0,0,0
2001,NJ,34013,Essex,1,1,Winter Storm,72.4,0.0,0.0,3.6,32363,12.0,58898.0,10720.0,835416.0,1,60921,6073,58,masonry,17.5,70.5,64.7,867779.0,10.38480197292773,13.63568628037132,13.673693505295832,0.31490186635503,0,-0.5195957804324889,0,0,0,0,0,0,0,0,1
2001,NY,36103,Suffolk,1,1,Thunderstorm Wind,52.4,0.0,0.0,11.8,40774,48.0,32871.0,6191.0,1874976.0,1,95341,1590,50,wood,14.4,56.5,71.5,1915750.0,10.615824427489214,14.444106950644745,14.465620270821292,0.3564908862343725,0,-0.4308190912749851,0,0,0,0,0,0,0,0,0
2001,NC,37119,Mecklenburg,1,1,Tornado,33.8,0.88,0.0,8.8,5379,11.0,24981.0,9870.0,383361.0,1,66756,1051,28,wood,14.8,73.7,34.2,388740.0,8.59044365315583,12.85673499148394,12.870668591082188,0.32143871502950216,0,0.8063791482945939,0,0,0,0,0,0,0,0,0
2001,OH,39035,Cuyahoga,2,2,Flash Flood,62.2,0.0,1.05,13.7,330862,9.0,33126.0,5474.0,347400.0,1,48984,2795,54,wood,16.4,58.6,63.4,678262.0,12.709459671399111,12.758235011311193,13.427290397311324,0.41467249907125064,0,-0.8589660524057594,0,0,1,0,1,0,0,0,0
2001,OK,40143,Tulsa,1,1,Hail,83.4,2.7,0.0,8.3,21407,24.0,52153.0,37233.0,2145264.0,1,53436,930,40,wood,6.5,58.2,49.7,2166671.0,9.971519962927955,14.578773645836975,14.588702907733188,0.45897124912031967,0,0.16663313561548093,0,0,0,0,0,0,0,0,0
2001,OR,41051,Multnomah,1,1,Winter Storm,60.4,0.0,0.0,8.7,10880,37.0,71267.0,17557.0,3286488.0,1,66989,1683,42,wood,17.4,68.4,48.0,3297368.0,9.294773427951013,15.005330379654456,15.008635435718507,0.33445445353664943,0,0.029414317146121104,0,0,0,0,0,0,0,0,0
2001,PA,42101,Philadelphia,2,1,Flash Flood,54.5,0.0,1.22,9.8,233229,13.0,78651.0,8550.0,1133613.0,1,48537,11993,60,masonry,15.9,67.5,63.3,1366842.0,12.359780370124389,13.940921317317633,14.12801425907374,0.3974876855447125,0,-0.6632639662785683,0,0,1,0,0,0,0,0,1
2001,SC,45045,Greenville,3,2,Hail,75.5,0.76,0.0,12.2,386706,9.0,47297.0,5776.0,477657.0,1,57448,485,30,wood,11.6,69.6,40.4,864363.0,12.86542257931932,13.076650274223239,13.669749255362122,0.42026366106403595,0,0.6259126656569451,0,0,0,0,1,0,0,0,0
2001,TN,47037,Davidson,1,1,Thunderstorm Wind,82.2,0.0,0.0,7.4,13006,19.0,25740.0,3585.0,557175.0,1,58506,1258,35,wood,8.8,62.5,48.8,570181.0,9.47324295306374,13.230636447454756,13.253710887091511,0.3302715322516244,0,0.33668965745223617,0,0,0,0,0,0,0,0,0
2001,TX,48029,Bexar,1,1,Tornado,64.0,1.95,0.0,3.1,8372,3.0,23408.0,4432.0,83520.0,1,60884,1048,28,masonry,6.1,62.6,31.9,91892.0,9.032767522204432,11.332853376224865,11.428380135692988,0.3452430648903242,0,0.8939936108661414,0,0,0,0,0,0,0,0,0
2001,TX,48141,El Paso,3,2,Thunderstorm Wind,20.6,0.0,0.0,29.4,32272,71.0,9810.0,4693.0,1029713.0,1,44658,804,32,masonry,15.7,69.4,38.2,1061985.0,10.3819862463277,13.844791651745481,13.875651298022929,0.4253121243297467,0,0.27711195301013253,0,0,0,1,0,0,0,0,0
2001,TX,48439,Tarrant,2,2,Thunderstorm Wind,93.1,2.65,0.0,12.9,37988,41.0,46516.0,4140.0,2076896.0,1,64895,2282,30,wood,6.8,52.9,26.0,2114884.0,10.545051923118718,14.546385510872689,14.564510995461763,0.49744926856111715,1,0.6375596305962903,0,0,0,0,0,0,0,0,0
2001,UT,49035,Salt Lake,1,1,Thunderstorm Wind,24.5,0.0,0.0,6.4,60463,16.0,8328.0,6338.0,234656.0,1,71798,1406,32,masonry,7.3,72.3,42.7,295119.0,11.00980342558927,12.36588015244179,12.595137332270557,0.2899194893923324,0,1.0035296527356645,0,0,0,0,0,0,0,0,0
2001,VA,51059,Fairfax,1,1,Thunderstorm Wind,59.6,0.0,0.0,3.2,7203,63.0,88723.0,8751.0,6140862.0,1,127250,2836,38,wood,14.1,60.0,41.6,6148065.0,8.882391706295847,15.630475843992501,15.63164811878144,0.302852391028217,0,0.6775936545626807,0,0,0,0,0,0,0,1,0
2001,WA,53033,King,2,2,Thunderstorm Wind,24.7,0.0,0.0,13.7,23783,39.0,72060.0,3381.0,2942199.0,1,96995,959,36,wood,13.3,61.3,37.6,2965982.0,10.076768364677934,14.894668158798249,14.902719070038504,0.34368181803888986,0,0.5743773267165162,0,0,0,0,0,0,0,0,0
2001,WI,55079,Milwaukee,1,1,Flash Flood,78.5,0.0,0.26,6.5,11919,48.0,100505.0,13762.0,5484816.0,1,45585,6183,54,wood,17.4,70.7,63.6,5496735.0,9.385972940619341,15.517494287415651,15.519665019493395,0.3488754476050957,0,-0.5610848106489913,0,0,1,0,0,0,0,0,1
2002,AL,01073,Jefferson,1,1,Thunderstorm Wind,97.0,0.0,0.0,7.1,390656,51.0,13700.0,8644.0,1139544.0,1,55390,699,39,wood,15.5,60.0,45.5,1530200.0,12.875585216117543,13.946139617892953,14.24090965728902,0.3858035693029129,0,-0.15299590786305556,0,0,0,0,1,0,0,0,0
2002,AL,01097,Mobile,1,1,Thunderstorm Wind,101.9,0.0,0.0,3.4,19564,139.0,14237.0,10759.0,3474444.0,1,48484,453,43,wood,9.4,56.4,51.6,3494008.0,9.881497534644513,15.060945311995457,15.066560345517125,0.343385741486742,0,-0.17663595249472358,0,0,0,0,0,1,0,0,0
2002,AZ,04013,Maricopa,1,1,Flash Flood,57.7,0.0,0.0,1.1,63266,7.0,61763.0,13985.0,530236.0,1,60893,519,23,masonry,13.8,73.3,28.4,593502.0,11.055119145179875,13.181079355389,13.293797547778983,0.2928385596293822,0,0.9732199627393687,0,0,0,0,0,0,0,0,0
2002,AR,05119,Pulaski,3,2,Hail,113.8,0.68,0.0,20.1,66114,7.0,42448.0,8841.0,359023.0,1,53725,389,37,wood,11.8,66.5,59.3,425137.0,11.099150928990923,12.791144517603584,12.96016910108336,0.4694262241630433,1,0.06254891351753407,0,0,0,0,0,0,0,0,0
2002,CA,06037,Los Angeles,1,1,Wildfire,30.1,0.0,0.0,2.9,2971,26.0,34291.0,5806.0,1042522.0,1,77647,2433,46,wood,5.6,53.2,58.6,1045493.0,7.99699040583765,13.857154294761843,13.860000058953439,0.25230526914231083,0,0.035657680098240926,0,0,0,0,0,0,0,0,0
2002,CA,06073,San Diego,1,1,Thunderstorm Wind,23.3,0.0,0.0,2.0,21450,4.0,10802.0,10223.0,84100.0,1,80831,759,33,wood,12.5,72.6,30.1,105550.0,9.973526543316103,11.339773736496767,11.566949527414438,0.24253411962003477,0,0.9952442946706235,0,0,0,0,0,0,0,0,0
2002,CO,08031,Denver,1,1,Thunderstorm Wind,83.4,0.0,0.0,6.2,16535,18.0,30630.0,33035.0,1145970.0,1,68439,4549,41,wood,6.6,73.1,40.1,1162505.0,9.713295101361604,13.951762870526512,13.966088577720651,0.33343395613710114,0,0.9058715366493251,0,0,0,0,0,0,0,0,0
2002,CO,08041,El Paso,1,1,Hail,65.2,2.77,0.0,9.3,8579,19.0,43532.0,6193.0,944775.0,1,61296,278,29,wood,17.9,72.5,36.4,953354.0,9.057189192482008,13.758703141341124,13.767742621142393,0.43549033804564513,0,0.49966277355862926,0,0,0,0,0,0,0,0,0
2002,FL,12095,Orange,1,1,Flash Flood,101.6,0.0,1.95,7.5,68081,32.0,259358.0,20032.0,8940480.0,1,59001,1291,29,masonry,9.6,60.8,34.5,9008561.0,11.128468140019045,16.00609994883435,16.013686016403064,0.44573722843994085,0,0.5745427910963363,0,0,1,0,0,0,1,0,0
2002,GA,13089,Dekalb,2,1,Hail,95.2,1.25,0.0,10.799999999999999,100502,71.0,87702.0,8326.0,6817988.0,1,58962,2677,41,wood,14.0,57.0,52.8,6918490.0,11.517942856782012,15.735075118302328,15.749708240230717,0.4543577907007532,0,-0.28388408240776575,0,0,0,0,0,0,0,0,0
2002,IL,17167,Sangamon,1,1,Tornado,62.0,1.23,0.0,6.7,35637,7.0,23601.0,52532.0,532931.0,1,59452,293,45,wood,5.5,56.5,64.3,568568.0,10.48116776328736,13.18614911527166,13.250877956839402,0.36964384596020955,0,-0.09352268954162639,0,0,0,0,0,0,0,0,0
2002,IN,18097,Marion,1,1,Hail,59.5,1.82,0.0,9.9,70888,24.0,39545.0,8903.0,1162752.0,1,57388,2348,47,wood,9.9,66.0,54.2,1233640.0,11.168870552387599,13.966301027173317,14.025480517295966,0.42394484938368854,0,0.07279744289387656,0,0,0,0,0,0,0,0,0
2002,IA,19153,Polk,1,1,Hail,74.3,1.23,0.0,1.2,18912,33.0,42784.0,14141.0,1878525.0,1,67185,543,39,wood,13.6,73.1,42.3,1897437.0,9.847604795288454,14.445997984730827,14.456015113146291,0.3512454735652773,0,0.5260270642545144,0,0,0,0,0,0,0,0,0
2002,KS,20091,Johnson,1,1,Hail,97.6,2.66,0.0,10.2,29790,20.0,47467.0,7581.0,1100960.0,1,83135,994,31,wood,7.7,54.2,37.6,1130750.0,10.301961613455438,13.911693992734106,13.93839257170848,0.47733470366692615,1,0.6080183048086683,0,0,0,0,0,0,0,0,0
2002,LA,22071,Orleans,1,1,Hurricane (Typhoon),75.7,0.0,3.71,9.7,18243,102.0,37565.0,2625.0,4099380.0,1,44938,2003,53,wood,5.4,68.8,57.5,4117623.0,9.81159153783159,15.226346544666816,15.230786855941737,0.4668319836695516,0,0.12131177778810938,0,0,1,0,0,0,0,0,0
2002,MI,26081,Kent,1,1,Flash Flood,69.5,0.0,0.0,6.4,205668,27.0,79143.0,4678.0,2263167.0,1,61623,653,43,wood,10.0,67.3,52.0,2468835.0,12.23402335937386,14.632276159597707,14.719257342467866,0.359046726830178,0,0.25722228971441674,0,0,0,0,0,0,0,0,0
2002,MN,27003,Anoka,2,2,Hail,88.4,1.84,0.0,20.9,125597,30.0,15374.0,9515.0,746670.0,1,74358,717,39,wood,5.8,53.4,36.9,872267.0,11.740841609322574,13.523379938717701,13.678851995121564,0.513305694337359,1,0.461692618966806,0,0,0,1,0,0,0,0,0
2002,MS,28049,Hinds,1,1,Tornado,75.3,0.64,0.0,11.7,45133,6.0,26368.0,8050.0,206508.0,1,41742,289,47,wood,5.6,58.1,59.6,251641.0,10.717391121731856,12.238099273968599,12.435762721514408,0.3802454568832287,0,-0.18072578528968092,0,0,0,0,0,0,0,0,0
2002,MO,29095,Jackson,3,2,Thunderstorm Wind,87.0,1.51,0.0,26.3,100817,164.0,25856.0,8036.0,5558288.0,1,54537,1529,45,wood,13.2,56.4,52.8,5659105.0,11.521072190105997,15.530800885054049,15.548776487173832,0.545717528511725,1,-0.3770727169827586,0,0,0,1,0,1,0,0,0
2002,NE,31055,Douglas,1,1,Thunderstorm Wind,87.2,0.0,0.0,4.8,14702,9.0,100527.0,11059.0,1004274.0,1,65617,1414,39,wood,9.6,65.1,51.4,1018976.0,9.595806833577658,13.819776446111325,13.834309740801945,0.3257805297295374,0,0.329882451633985,0,0,0,0,0,0,0,0,0
2002,NV,32003,Clark,2,2,Thunderstorm Wind,36.8,0.0,0.0,13.9,33033,29.0,51072.0,20731.0,2082287.0,1,58533,475,29,masonry,15.1,72.9,41.7,2115320.0,10.405292613081036,14.5489778471208,14.564717131995797,0.35498158153389553,0,0.554409179058581,0,0,0,0,0,0,0,0,0
2002,NJ,34013,Essex,1,1,Winter Storm,62.8,0.0,0.0,4.7,100462,118.0,11381.0,16392.0,3277214.0,1,63260,6201,59,masonry,12.0,57.5,65.6,3377676.0,11.51754477949005,15.002504534317316,15.032698753068827,0.33900353463519145,0,-0.6525666050733656,0,0,0,0,0,0,0,0,1
2002,NY,36103,Suffolk,1,1,Thunderstorm Wind,47.8,0.0,0.0,7.2,27563,46.0,70259.0,15996.0,3967730.0,1,92953,1640,51,wood,11.0,71.3,57.2,3995293.0,10.224265852477098,15.193704952750187,15.200627726464742,0.32847108894675797,0,0.39863515868038285,0,0,0,0,0,0,0,0,0
2002,NC,37119,Mecklenburg,1,1,Hail,76.0,0.61,0.0,2.5,31725,56.0,141619.0,18222.0,8951096.0,1,67058,1054,29,wood,11.6,59.7,38.0,8982821.0,10.3648918129684,16.007286652572372,16.01082464480852,0.3557604460245296,0,0.4559170953546337,0,0,0,0,0,0,1,0,0
2002,OH,39035,Cuyahoga,1,1,Flash Flood,84.8,0.0,0.97,6.9,39245,13.0,33369.0,24891.0,757380.0,1,53540,2851,55,wood,18.0,55.2,62.1,796625.0,10.577604807189267,13.537621708315267,13.588140587911587,0.37284629192299956,0,-1.008379556104828,0,0,1,0,0,0,0,0,0
2002,OH,39049,Franklin,1,1,Hail,101.4,0.12,0.0,1.1,15456,11.0,28870.0,8312.0,409002.0,1,63824,1516,37,wood,15.7,58.7,34.4,424458.0,9.645817254152318,12.921477769961363,12.958570695852258,0.31277057494057525,0,0.08090216976494738,0,0,0,0,0,0,0,0,0
2002,OK,40109,Oklahoma,1,1,Tornado,108.0,2.13,0.0,10.2,126007,13.0,38367.0,21263.0,775190.0,1,56305,852,37,wood,6.8,59.2,40.8,901197.0,11.74410067598157,13.560864729584177,13.71148026827456,0.47844190741758125,1,0.4012958856093262,0,0,0,0,0,0,0,0,0
2002,OK,40143,Tulsa,1,1,Thunderstorm Wind,82.1,0.0,0.0,6.3,129667,26.0,46600.0,21032.0,1758432.0,1,55623,932,41,wood,12.2,63.3,52.5,1888099.0,11.772732616655956,14.37993362951636,14.451081590386623,0.36066827170039684,0,-0.014149089289589734,0,0,0,0,0,0,0,0,0
2002,OR,41051,Multnomah,2,2,Thunderstorm Wind,60.3,0.0,0.0,18.5,102420,7.0,159785.0,8761.0,1179822.0,1,65266,1669,43,wood,5.4,65.2,62.3,1282242.0,11.5368470486869,13.980874985190722,14.064121446082783,0.4078513312845995,0,0.3121358830505677,0,0,0,0,0,0,0,0,0
2002,PA,42101,Philadelphia,2,2,Flash Flood,59.5,0.0,0.22,7.6,13850,11.0,72445.0,10028.0,907203.0,1,48574,11621,61,masonry,7.2,67.3,63.9,921053.0,9.536112711175099,13.71812262111698,13.733273945440484,0.3251781136843111,0,-0.23490718799433638,0,0,1,0,0,0,0,0,1
2002,SC,45045,Greenville,1,1,Hail,55.6,0.59,0.0,7.1,56279,23.0,41527.0,12918.0,1252235.0,1,60596,503,31,wood,17.4,60.1,33.9,1308514.0,10.938094511228325,14.040441311281144,14.084403464394466,0.3549636993859822,0,0.12459197898256913,0,0,0,0,0,0,0,0,0
2002,TN,47037,Davidson,2,1,Hail,76.1,1.65,0.0,9.899999999999999,215405,5.0,38820.0,3583.0,212015.0,1,58255,1267,36,wood,16.1,59.6,41.5,427420.0,12.280279898469681,12.264417022504418,12.965524754960555,0.4280830071882511,0,-0.05360104336830975,0,0,0,0,0,0,0,0,0
2002,TX,48029,Bexar,1,1,Thunderstorm Wind,81.6,0.0,0.0,8.7,373736,35.0,32543.0,14037.0,1630300.0,1,58750,1044,29,masonry,16.9,53.8,38.6,2004036.0,12.831307620473408,14.304275218311597,14.510674204090304,0.38573051628255445,0,-0.1014831705995018,0,0,0,0,1,0,0,0,0
2002,TX,48201,Harris,1,1,Hurricane (Typhoon),92.7,0.0,2.05,0.6,15187,169.0,12983.0,12514.0,4308993.0,1,57273,2758,33,wood,7.1,65.5,40.2,4324180.0,9.628260921351693,15.276215024162566,15.27973331625461,0.3780732566097933,0,0.6794593828750746,0,0,1,0,0,1,0,0,0
2002,UT,49035,Salt Lake,3,2,Flash Flood,64.0,0.0,0.53,13.899999999999999,162982,23.0,132270.0,8899.0,3246887.0,1,71177,1404,33,masonry,10.3,52.2,42.1,3409869.0,12.001401179871324,14.99320755711157,15.042184725365837,0.41377705268604387,0,0.18729695455124978,0,0,1,0,0,0,0,0,0
2002,VA,51059,Fairfax,1,1,Thunderstorm Wind,48.5,0.0,0.0,10.9,22972,5.0,182563.0,13646.0,981045.0,1,123943,2814,39,wood,13.1,56.2,44.9,1004017.0,10.04207489229217,13.79637462837578,13.819520507359954,0.3359005885433947,0,0.5093032802235303,0,0,0,0,0,0,0,1,0
2002,WA,53033,King,1,1,Flash Flood,20.8,0.0,0.0,9.3,7274,22.0,64789.0,7430.0,1588818.0,1,100099,942,37,wood,17.2,68.5,38.3,1596092.0,8.892199092039693,14.278501530912518,14.283069325970914,0.2961013651044973,0,0.5968734202698448,0,0,0,0,0,0,0,0,0
2002,WI,55079,Milwaukee,1,1,Flash Flood,56.2,0.0,0.18,2.1,46196,6.0,72188.0,8050.0,481428.0,1,48590,6320,55,wood,9.4,73.3,51.3,527624.0,10.740670139896523,13.08451404348055,13.1761410830848,0.2981233620901255,0,0.1438780881914669,0,0,1,0,0,0,0,0,1
2003,AL,01073,Jefferson,1,1,Tornado,105.0,1.38,0.0,3.9,427697,35.0,32002.0,9390.0,1448720.0,1,55639,692,40,wood,7.2,53.1,48.0,1876417.0,12.966172618029178,14.186191656179496,14.444875198227777,0.4303398230951155,0,0.013369170672734309,0,0,0,0,1,0,0,0,0
2003,AL,01097,Mobile,1,1,Thunderstorm Wind,113.4,0.0,0.0,10.0,449929,296.0,54716.0,31366.0,25480272.0,1,47976,463,44,wood,13.5,60.3,48.2,25930201.0,13.016847294090926,17.053415102896555,17.0709189476889,0.44432874603616684,0,-0.24172676096121046,0,0,0,0,1,1,1,0,0
2003,AZ,04013,Maricopa,1,1,Winter Storm,56.6,0.0,0.0,6.9,5913,14.0,43678.0,5693.0,691194.0,1,64091,519,24,masonry,11.7,52.6,28.3,697107.0,8.685077700412423,13.446177262649522,13.454695627523975,0.3002866210910814,0,0.4372239020779542,0,0,0,0,0,0,0,0,0
2003,AR,05119,Pulaski,1,1,Tornado,50.2,0.95,0.0,4.8,43350,67.0,87906.0,2499.0,6057135.0,1,50696,402,38,wood,17.9,67.5,39.5,6100485.0,10.677085049993375,15.616747639070761,15.623878998101032,0.36238732334317075,0,0.02459794826971846,0,0,0,0,0,0,0,0,0
2003,CA,06073,San Diego,1,1,Winter Storm,44.7,0.0,0.0,8.1,17537,34.0,79661.0,23042.0,3491902.0,1,82441,771,34,wood,7.8,73.4,41.5,3509439.0,9.7721252343393,15.065957417778042,15.070967038553981,0.3248840781280359,0,1.0933826315711166,0,0,0,0,0,0,0,0,0
2003,CO,08041,El Paso,1,1,Hail,66.3,3.38,0.0,8.3,3366,10.0,62396.0,10197.0,725930.0,1,68181,288,30,wood,6.9,64.9,39.8,729296.0,8.121777419161074,13.495210247967906,13.499836335430338,0.44109971243491053,0,0.8360557251042854,0,0,0,0,0,0,0,0,0
2003,FL,12057,Hillsborough,1,1,Thunderstorm Wind,99.8,0.0,0.0,1.3,65302,57.0,99778.0,6280.0,6045306.0,1,59043,1385,34,masonry,8.2,60.3,42.8,6110608.0,11.086793256016275,15.614792826514842,15.625536998848546,0.3485152235111945,0,0.4134911509502247,0,0,0,0,0,0,0,0,0
2003,FL,12086,Miami-Dade,1,1,Flash Flood,100.3,0.0,2.93,6.8,106984,321.0,8967.0,6178.0,4861545.0,1,52323,1415,40,masonry,7.1,63.9,45.5,4968529.0,11.580443916701052,15.396867052287257,15.418634579674976,0.4687636704773943,0,0.3701049168563349,0,0,1,0,0,1,0,0,0
2003,FL,12095,Orange,1,1,Hurricane (Typhoon),115.3,0.0,0.64,10.2,21447,51.0,126108.0,5049.0,6689007.0,1,58012,1298,30,masonry,7.0,58.6,35.8,6710454.0,9.973386679915794,15.715976140093252,15.719177315888862,0.41827096915000245,0,0.5946471935030886,0,0,1,0,0,0,0,0,0
2003,GA,13089,Dekalb,1,1,Tornado,81.1,0.69,0.0,8.5,215427,10.0,13670.0,29288.0,429580.0,1,65580,2628,42,wood,8.7,58.0,44.8,645007.0,12.280382025971313,12.97056559401066,13.377017998801767,0.39282925470899227,0,0.19518795449709808,0,0,0,0,0,0,0,0,0
2003,IL,17167,Sangamon,1,1,Thunderstorm Wind,93.6,0.0,0.0,4.4,53649,43.0,15054.0,5611.0,888595.0,1,57821,290,46,wood,6.1,73.5,53.3,942244.0,10.890236748058845,13.697397968010838,13.756020604667968,0.34237187975981315,0,0.5505134593594786,0,0,0,0,0,0,0,0,0
2003,IN,18097,Marion,1,1,Thunderstorm Wind,62.1,0.0,0.0,10.3,16183,4.0,24192.0,16833.0,164100.0,1,56103,2334,48,wood,14.4,54.5,62.2,180283.0,9.691778378847582,12.008237370904832,12.102288664266451,0.3231406904392723,0,-0.6859114752728803,0,0,0,0,0,0,0,0,0
2003,IA,19153,Polk,2,2,Hail,83.0,1.42,0.0,14.6,175333,16.0,97361.0,9328.0,1707024.0,1,63375,527,40,wood,7.7,73.7,33.5,1882357.0,12.074448005325877,14.350262647246367,14.448035804204173,0.46763717954466477,0,0.9379875721135985,0,0,0,0,0,0,0,0,0
2003,KS,20091,Johnson,1,1,Tornado,67.4,1.96,0.0,0.8,13110,38.0,201310.0,24507.0,8581046.0,1,84150,1034,32,wood,11.8,69.5,40.3,8594156.0,9.481206851499401,15.965066491991365,15.966593111709669,0.3811093443824252,0,0.8282047279294359,0,0,0,0,0,0,1,0,0
2003,KS,20173,Sedgwick,1,1,Thunderstorm Wind,76.5,0.0,0.0,5.7,159854,43.0,97166.0,11704.0,4681410.0,1,55882,548,42,wood,11.1,62.8,40.9,4841264.0,11.982022433323166,15.359110118179622,15.392686608179654,0.36393649290526636,0,0.18872408706736668,0,0,0,0,0,0,0,0,0
2003,LA,22033,East Baton Rouge,1,1,Thunderstorm Wind,75.4,0.0,0.0,0.6,9147,2.0,68953.0,19962.0,177830.0,1,54505,550,40,wood,11.3,63.3,45.9,186977.0,9.121290555142672,12.088588940070037,12.138746241856943,0.27161328925206524,0,0.14231556624876157,0,0,0,0,0,0,0,0,0
2003,MI,26081,Kent,1,1,Winter Storm,49.0,0.0,0.0,8.6,45025,12.0,92659.0,4287.0,1163352.0,1,61402,656,44,wood,17.9,68.0,54.1,1208377.0,10.71499537968092,13.966816910811731,14.004789522436836,0.33233402190349054,0,-0.19291978897564394,0,0,0,0,0,0,0,0,0
2003,MN,27003,Anoka,1,1,Thunderstorm Wind,29.9,0.0,0.0,5.4,20437,19.0,161388.0,19212.0,3431400.0,1,74915,726,40,wood,16.1,60.1,39.1,3451837.0,9.925151192172155,15.04847919055766,15.054417400767903,0.29945006711671496,0,0.0813297889312515,0,0,0,0,0,0,0,0,0
2003,MN,27053,Hennepin,1,1,Hail,75.8,0.52,0.0,5.2,21957,52.0,50448.0,9341.0,3109028.0,1,78929,1948,48,wood,7.5,63.4,62.2,3130985.0,9.996886816794678,14.949821016755509,14.956858528883663,0.35407404723314223,0,0.18009655296928573,0,0,0,0,0,0,0,0,0
2003,MS,28049,Hinds,2,2,Hail,92.1,1.53,0.0,18.3,152755,13.0,38985.0,13858.0,686959.0,1,42740,290,48,wood,6.4,71.9,47.3,839714.0,11.936597156131475,13.440031345346366,13.640817827534791,0.49067325227315745,1,0.39517218460349895,0,0,0,0,0,0,0,0,0
2003,MO,29095,Jackson,1,1,Tornado,65.2,1.83,0.0,10.7,24999,65.0,16710.0,7225.0,1555775.0,1,58406,1541,46,wood,5.3,63.9,48.6,1580774.0,10.126631103850338,14.257485014488507,14.273425791073358,0.42385287351669315,0,0.36375462482434895,0,0,0,0,0,0,0,0,0
2003,NE,31055,Douglas,1,1,Thunderstorm Wind,64.5,0.0,0.0,7.5,7149,4.0,165624.0,14139.0,719052.0,1,70950,1418,40,wood,15.6,56.0,50.5,726201.0,8.874867635688053,13.485690347477437,13.495583492020822,0.31242666447289374,0,-0.23395443703078628,0,0,0,0,0,0,0,0,0
2003,NV,32003,Clark,1,1,Thunderstorm Wind,26.5,0.0,0.0,8.2,142425,6.0,76675.0,9047.0,514332.0,1,58618,482,30,masonry,6.1,71.7,39.7,656757.0,11.866577845563196,13.150626194588838,13.395070888668876,0.3187182455538787,0,1.0068376305934064,0,0,0,0,0,0,0,0,0
2003,NJ,34013,Essex,1,1,Flash Flood,15.6,0.0,2.0,8.8,34071,22.0,62763.0,7252.0,1540330.0,1,66477,6191,60,masonry,5.6,60.6,71.8,1574401.0,10.43623121160305,14.247507886359514,14.269386075604523,0.36438775847542076,0,-0.2963637331703918,0,0,1,0,0,0,0,0,1
2003,NY,36103,Suffolk,3,3,Flash Flood,77.2,0.0,1.06,13.7,110223,14.0,117529.0,6966.0,1742930.0,1,99696,1651,52,wood,11.6,56.3,59.5,1853153.0,11.610269937832976,14.37107873679947,14.432399610286925,0.42809211194688906,0,-0.10200580999525277,0,0,1,0,0,0,0,0,0
2003,NC,37119,Mecklenburg,1,1,Tornado,63.5,0.4,0.0,11.0,34047,44.0,49194.0,4086.0,2344320.0,1,64607,1059,30,wood,6.0,70.5,39.3,2378367.0,10.435526572701317,14.667506365695367,14.681925096152371,0.3759114771805206,0,1.0364642112848022,0,0,0,0,0,0,0,0,0
2003,OH,39035,Cuyahoga,2,1,Winter Storm,56.9,0.0,0.0,7.6,187413,476.0,31313.0,17931.0,23440144.0,1,55023,2805,56,wood,13.3,62.1,57.8,23627557.0,12.141075352506205,16.96996070866078,16.977924300615026,0.3757545015231169,0,-0.4777057173249791,0,0,0,0,0,1,1,0,0
2003,OK,40109,Oklahoma,2,2,Hail,119.5,2.43,0.0,17.2,146562,38.0,29430.0,14052.0,1652316.0,1,57646,845,38,wood,17.5,63.5,47.1,1798878.0,11.895210649130776,14.317689103274649,14.402674251081983,0.5478244340799115,1,-0.13194122154805413,0,0,0,0,0,0,0,0,0
2003,OR,41051,Multnomah,1,1,Winter Storm,36.0,0.0,0.0,9.3,87188,59.0,77903.0,4439.0,4858178.0,1,71829,1683,44,wood,5.8,59.8,43.3,4945366.0,11.375833455150905,15.396174234304306,15.413961736665232,0.34656980610797666,0,0.45112132270150196,0,0,0,0,0,0,0,0,0
2003,PA,42101,Philadelphia,1,1,Flash Flood,61.8,0.0,0.01,3.1,26275,21.0,49726.0,16032.0,1380918.0,1,51284,11765,62,masonry,17.2,69.5,73.0,1407193.0,10.176411254012363,14.138259777521375,14.157108208610154,0.30610233296286304,0,-0.8276867135969057,0,0,1,0,0,0,0,0,1
2003,SC,45045,Greenville,1,1,Hail,75.6,0.9,0.0,8.6,43027,7.0,16353.0,15139.0,220444.0,1,57510,489,32,wood,15.3,70.2,36.9,263471.0,10.669606345551896,12.30340350964885,12.48170237945778,0.3727239313904613,0,0.4649698194301786,0,0,0,0,0,0,0,0,0
2003,TN,47157,Shelby,1,1,Thunderstorm Wind,63.6,0.0,0.0,11.5,10198,33.0,60793.0,18280.0,2609409.0,1,54867,1377,42,wood,9.5,54.9,42.8,2619607.0,9.230044955250518,14.774634700105054,14.77853524622273,0.3502972340806052,0,-0.016882283362612015,0,0,0,0,0,0,0,0,0
2003,TX,48029,Bexar,2,2,Hail,101.1,2.24,0.0,5.4,79633,4.0,14675.0,16811.0,125944.0,1,62766,1075,30,masonry,14.4,59.7,36.5,205577.0,11.28519641631439,11.743600582699784,12.233580802946772,0.42831095680903436,0,0.27079756774018415,0,0,0,0,0,0,0,0,0
2003,TX,48113,Dallas,2,2,Hail,82.6,2.72,0.0,16.3,83975,34.0,499568.0,8397.0,17270810.0,1,66287,2925,36,wood,11.8,71.6,47.0,17354785.0,11.338286322715634,16.664528409066595,16.66937887646158,0.5395328460068193,1,0.5498387117040979,0,0,0,0,0,0,1,0,0
2003,TX,48439,Tarrant,1,1,Tornado,91.8,2.63,0.0,10.2,202813,11.0,42023.0,2420.0,488873.0,1,68861,2295,32,wood,10.4,56.9,44.0,691686.0,12.220044581847032,13.099860066543066,13.446888820137087,0.48674642870288864,1,0.29987791865017155,0,0,0,0,0,0,0,0,0
2003,UT,49035,Salt Lake,2,2,Flash Flood,76.2,0.0,0.0,7.1000000000000005,134626,46.0,11978.0,4163.0,742486.0,1,75176,1399,34,masonry,14.1,62.9,44.4,877112.0,11.810263270430047,13.51776064108821,13.684391111400721,0.35352621709855203,0,0.31087864081456174,0,0,0,0,0,0,0,0,0
2003,VA,51059,Fairfax,2,2,Flash Flood,89.1,0.0,0.0,9.2,161202,4.0,54978.0,5192.0,240680.0,1,126740,2816,40,wood,13.1,66.6,50.6,401882.0,11.990419719303329,12.391227684220123,12.903916280463289,0.36778836112017704,0,0.7620854349496362,0,0,0,0,0,0,0,1,0
2003,WA,53033,King,1,1,Thunderstorm Wind,23.6,0.0,0.0,2.9,42066,232.0,161294.0,12496.0,40319280.0,1,94555,946,38,wood,17.0,70.2,49.5,40361346.0,10.647018864320016,17.51234034922712,17.513383127521106,0.310272611079253,0,0.4201862830665144,0,0,0,0,0,1,1,0,0
2003,WI,55079,Milwaukee,2,2,Flash Flood,73.5,0.0,0.0,6.6,143836,2.0,55050.0,21081.0,152262.0,1,47114,6215,56,wood,12.1,57.4,65.5,296098.0,11.876435992980717,11.933364567805466,12.59844913684656,0.33532488970778435,0,-0.7558231183424705,0,0,0,0,0,0,0,0,1
2004,AL,01073,Jefferson,1,1,Thunderstorm Wind,72.9,0.0,0.0,0.8,25073,25.0,29474.0,16171.0,1141125.0,1,56575,705,41,wood,12.0,61.2,46.4,1166198.0,10.129586731675971,13.947526052195183,13.969260300283974,0.29893574756037106,0,0.03133409993156906,0,0,0,0,0,0,0,0,0
2004,AL,01097,Mobile,2,1,Flash Flood,113.5,0.0,1.92,3.4,717201,41.0,12704.0,5396.0,742100.0,1,49736,450,45,wood,17.5,71.3,59.5,1459301.0,13.483112809331647,13.517240631484604,14.19346879717501,0.4357948804968075,0,-0.27737430989579465,0,0,1,0,1,0,0,0,0
2004,AZ,04013,Maricopa,2,2,Thunderstorm Wind,61.1,0.0,0.0,16.9,70030,20.0,35885.0,11617.0,950040.0,1,63977,518,25,masonry,14.3,67.8,37.4,1020070.0,11.15669328014207,13.764260420540186,13.835382790681077,0.3929230670235468,0,0.6258023606862697,0,0,0,0,0,0,0,0,0
2004,AR,05119,Pulaski,2,2,Thunderstorm Wind,117.8,0.98,0.0,10.6,127932,25.0,100699.0,2371.0,2576750.0,1,51934,395,39,wood,7.3,64.4,48.3,2704682.0,11.759261968360523,14.76203986098473,14.810495273007218,0.4544574410144199,0,0.3478237023968548,0,0,0,0,0,0,0,0,0
2004,CA,06073,San Diego,2,2,Flash Flood,58.0,0.0,0.94,13.7,10853,60.0,26608.0,7737.0,2060700.0,1,80830,778,35,wood,6.0,71.5,38.0,2071553.0,9.29228895462335,14.53855677414196,14.543809608226447,0.3843350078132215,0,1.1477798803636587,0,0,1,0,0,0,0,0,0
2004,CO,08031,Denver,1,1,Tornado,71.2,2.97,0.0,9.0,364362,11.0,48008.0,13981.0,681879.0,1,70426,4537,43,wood,11.7,60.1,53.2,1046241.0,12.805905902439957,13.43260896826486,13.860715254400555,0.48678422958200995,1,0.0019372625046265358,0,0,0,0,1,0,0,0,0
2004,CO,08041,El Paso,1,1,Tornado,34.4,2.43,0.0,2.2,13573,60.0,52144.0,19720.0,4311840.0,1,64063,287,31,wood,5.4,53.8,40.2,4325413.0,9.515911477263703,15.276875517050668,15.280018416310359,0.376163199997604,0,0.49788134763056624,0,0,0,0,0,0,0,0,0
2004,FL,12057,Hillsborough,1,1,Thunderstorm Wind,109.4,0.0,0.0,4.6,177872,88.0,36866.0,23348.0,5298832.0,1,60166,1389,35,masonry,14.6,54.4,38.8,5476704.0,12.088825091477922,15.482997165598018,15.516014200712203,0.38545303875289655,0,-0.062003256265442674,0,0,0,0,0,0,0,0,0
2004,FL,12086,Miami-Dade,1,1,Flash Flood,130.8,0.0,3.77,3.5,36205,36.0,50324.0,22596.0,2625120.0,1,56722,1424,41,masonry,15.3,58.6,50.0,2661325.0,10.496980129935888,14.780637548183604,14.794335052790508,0.4795701221253761,1,-0.28039438080184587,0,0,1,0,0,0,0,0,0
2004,FL,12095,Orange,1,1,Hurricane (Typhoon),159.3,0.0,1.79,1.2,364349,199.0,42429.0,10858.0,10604113.0,1,59327,1330,31,masonry,8.5,72.7,28.5,10968462.0,12.805870223098427,16.176752596993392,16.21053471304593,0.4705312589069792,1,1.0697819313834196,0,0,1,0,1,1,1,0,0
2004,GA,13089,Dekalb,1,1,Thunderstorm Wind,104.6,0.0,0.0,9.8,71915,12.0,33984.0,8380.0,508368.0,1,65227,2612,43,wood,16.6,71.0,52.4,580283.0,11.183254050246186,13.138962840828592,13.271272917853041,0.38051623830316145,0,0.052562345993292126,0,0,0,0,0,0,0,0,0
2004,IL,17031,Cook,1,1,Winter Storm,65.6,0.0,0.0,6.8,30609,79.0,41938.0,5859.0,3775963.0,1,68465,5800,55,wood,15.6,62.1,59.8,3806572.0,10.329082031939459,15.144166272303776,15.15223986726683,0.3407538180257168,0,-0.484812254481909,0,0,0,0,0,0,0,0,1
2004,IN,18097,Marion,1,1,Thunderstorm Wind,72.1,0.0,0.0,4.4,97601,33.0,58225.0,5529.0,2103882.0,1,59960,2391,49,wood,8.8,65.9,53.4,2201483.0,11.48865326399451,14.559295242928517,14.604642236379561,0.3402407911658413,0,0.1271079984372569,0,0,0,0,0,0,0,0,0
2004,IA,19153,Polk,2,2,Thunderstorm Wind,85.4,1.18,0.0,13.5,93659,5.0,92945.0,8372.0,506585.0,1,67474,536,41,wood,5.5,55.2,54.3,600244.0,11.447426482737534,13.135449380952693,13.30509318418625,0.4358325216818503,0,0.1677566175884036,0,0,0,0,0,0,0,0,0
2004,KS,20173,Sedgwick,1,1,Tornado,89.4,2.02,0.0,5.5,31888,6.0,41136.0,11387.0,315138.0,1,59363,530,43,wood,11.6,71.5,46.6,347026.0,10.370016401720026,12.660769090318135,12.757157865700242,0.4087467640388885,0,0.3671465549997977,0,0,0,0,0,0,0,0,0
2004,LA,22033,East Baton Rouge,1,1,Thunderstorm Wind,96.1,0.0,0.0,10.2,51132,22.0,217329.0,22254.0,5270826.0,1,51653,545,41,wood,9.0,63.8,48.8,5321958.0,10.84218536032111,15.477697834202154,15.487352026619371,0.3929232079181968,0,0.19069802563694432,0,0,0,0,0,0,0,0,0
2004,MI,26081,Kent,1,1,Flash Flood,46.0,0.0,0.3,8.7,11792,21.0,25560.0,5479.0,651819.0,1,64566,669,45,wood,7.6,53.6,53.4,663611.0,9.37526141408997,13.387523729173822,13.405452920317568,0.31856501071737947,0,-0.08339779466002233,0,0,1,0,0,0,0,0,0
2004,MN,27053,Hennepin,3,2,Tornado,98.3,2.26,0.0,18.0,118342,12.0,37279.0,21656.0,707220.0,1,75758,1968,49,wood,13.9,56.4,62.4,825562.0,11.681342466593831,13.46909848443483,13.623820856813701,0.5194105531497718,1,-0.4349778422995828,0,0,0,0,0,0,0,0,0
2004,MS,28049,Hinds,2,2,Hail,84.6,1.72,0.0,15.5,264984,79.0,17142.0,4794.0,1732944.0,1,41773,290,49,wood,8.8,53.4,53.4,1997928.0,12.48742849959272,14.365332831321643,14.507621702023698,0.49064682039738305,1,-0.44341411938552805,0,0,0,0,1,0,0,0,0
2004,MO,29095,Jackson,1,1,Thunderstorm Wind,97.6,0.0,0.0,11.9,83716,55.0,50728.0,4792.0,3053600.0,1,60201,1536,47,wood,9.3,62.3,57.8,3137316.0,11.335197342186406,14.931832107895419,14.958878534027882,0.4047889650898684,0,-0.04167196942007683,0,0,0,0,0,0,0,0,0
2004,NE,31055,Douglas,1,1,Hail,67.7,2.74,0.0,1.8,30427,99.0,45239.0,13534.0,5818527.0,1,70356,1463,41,wood,6.9,57.1,43.6,5848954.0,10.323118516117193,15.57655786675552,15.581773570772725,0.4237461657632799,0,0.3441396476918837,0,0,0,0,0,0,0,0,0
2004,NV,32003,Clark,1,1,Winter Storm,32.6,0.0,0.0,6.7,5251,64.0,150186.0,11194.0,10328320.0,1,65202,480,31,masonry,6.5,55.6,25.3,10333571.0,8.566364235422688,16.15040029158333,16.150908570288777,0.303012870332789,0,0.7345194528541125,0,0,0,0,0,0,1,0,0
2004,NJ,34013,Essex,1,1,Thunderstorm Wind,83.5,0.0,0.0,7.5,2768,22.0,120989.0,8385.0,2846228.0,1,66855,6119,61,masonry,12.7,72.0,72.8,2848996.0,7.926241523170962,14.861505518203751,14.862477560478437,0.3283153580867639,0,-0.34014458064855335,0,0,0,0,0,0,0,0,1
2004,NY,36029,Erie,1,1,Winter Storm,60.9,0.0,0.0,1.7,58739,40.0,28286.0,21488.0,1990960.0,1,62767,712,58,wood,7.0,54.9,65.6,2049699.0,10.980876204752612,14.504127994707822,14.53320399894222,0.3096032313007896,0,-0.4558468782790803,0,0,0,0,0,0,0,0,0
2004,NY,36103,Suffolk,1,1,Thunderstorm Wind,54.3,0.0,0.0,7.7,33439,31.0,6109.0,27352.0,1037291.0,1,100900,1610,53,wood,6.9,68.1,60.6,1070730.0,10.417508067198638,13.852124029060091,13.883852150748618,0.3267930344953988,0,0.5001735977218352,0,0,0,0,0,0,0,0,0
2004,NC,37119,Mecklenburg,1,1,Hail,67.2,0.38,0.0,10.1,22326,6.0,16451.0,10745.0,163176.0,1,64847,1072,31,wood,7.8,52.3,50.8,185502.0,10.013551987398436,12.002590780207836,12.130826333405592,0.3443895693962336,0,0.1684902067043979,0,0,0,0,0,0,0,0,0
2004,OH,39049,Franklin,1,1,Tornado,93.6,1.06,0.0,0.7,83605,15.0,20923.0,9573.0,457440.0,1,64609,1516,39,wood,16.5,58.1,47.5,541045.0,11.333870566832354,13.033403193632799,13.201259581940398,0.36149715661495496,0,-0.21021499436202845,0,0,0,0,0,0,0,0,0
2004,OK,40109,Oklahoma,1,1,Thunderstorm Wind,96.0,0.0,0.0,7.5,92650,95.0,63797.0,14411.0,7429760.0,1,58168,844,39,wood,8.7,64.0,44.3,7522410.0,11.436595024963408,15.821004249285593,15.8333972562432,0.3872001139249867,0,0.38041717388002294,0,0,0,0,0,0,0,0,0
2004,OK,40143,Tulsa,2,1,Tornado,91.7,2.47,0.0,15.9,61777,14.0,15589.0,12454.0,392602.0,1,58016,933,43,wood,8.3,72.1,54.9,454379.0,11.031302593012333,12.88055420216056,13.026689131335923,0.4976011890827119,1,0.42251960484658635,0,0,0,0,0,0,0,0,0
2004,OR,41051,Multnomah,1,1,Winter Storm,36.0,0.0,0.0,8.6,138395,28.0,37912.0,4192.0,1178912.0,1,71895,1738,45,wood,15.0,70.0,52.9,1317307.0,11.83787442001394,13.980103385448192,14.091100818227641,0.3353876842673275,0,0.12357402334947062,0,0,0,0,0,0,0,0,0
2004,PA,42101,Philadelphia,1,1,Flash Flood,37.4,0.0,1.04,7.1,23517,42.0,20306.0,11155.0,1321362.0,1,51515,11816,63,masonry,13.0,53.2,67.7,1344879.0,10.065521364383361,14.09417433758048,14.11181534770694,0.3382114757492413,0,-1.0605157281791253,0,0,1,0,0,0,0,0,1
2004,SC,45045,Greenville,2,1,Thunderstorm Wind,81.6,0.0,0.0,5.5,86114,43.0,9208.0,2830.0,517634.0,1,61706,505,33,wood,7.6,73.4,35.7,603748.0,11.363438891269848,13.15702563966633,13.310913827632849,0.34012131990859357,0,1.015354233751424,0,0,0,0,0,0,0,0,0
2004,TN,47157,Shelby,1,1,Hail,87.5,1.73,0.0,5.8,854018,15.0,37660.0,3181.0,612615.0,1,54379,1392,43,wood,8.2,69.2,58.9,1466633.0,13.657708720766777,13.325493591224523,14.198480537245066,0.4417366085391574,0,0.24005695219425416,0,0,0,0,1,0,0,0,0
2004,TX,48113,Dallas,1,1,Tornado,60.2,1.78,0.0,6.0,36059,108.0,26510.0,26879.0,5766012.0,1,67889,2920,37,wood,10.0,64.9,40.3,5802071.0,10.492939496757309,15.56749141177385,15.57372565310045,0.40674175533060297,0,0.530108335871972,0,0,0,0,0,0,0,0,0
2004,UT,49035,Salt Lake,2,2,Thunderstorm Wind,59.3,0.0,0.0,7.6,66833,274.0,170788.0,5793.0,48383194.0,1,76990,1434,35,masonry,15.9,67.1,38.7,48450027.0,11.109967212073245,17.69466310065145,17.69604347421626,0.37205699270915704,0,0.4344938183228832,0,0,0,0,0,1,1,0,0
2004,VA,51059,Fairfax,1,1,Winter Storm,71.6,0.0,0.0,4.1,16305,7.0,28613.0,40664.0,484939.0,1,130854,2817,41,wood,16.2,73.1,58.1,501244.0,9.699288417222856,13.091780450926535,13.12485028249082,0.3044112713618284,0,0.7107303446848537,0,0,0,0,0,0,0,1,0
2004,WA,53033,King,1,1,Flash Flood,38.2,0.0,0.8,6.7,6082,6.0,48099.0,7757.0,335136.0,1,103177,958,39,wood,13.5,53.8,45.0,341218.0,8.713253274320705,12.722294682431688,12.740279778864036,0.30181943137488837,0,0.21397739502106056,0,0,1,0,0,0,0,0,0
2004,WI,55079,Milwaukee,2,1,Thunderstorm Wind,79.3,0.0,0.0,7.699999999999999,125401,46.0,131274.0,24491.0,7165190.0,1,51930,6399,57,wood,11.0,71.9,65.1,7290591.0,11.739279856017092,15.784745276251286,15.80209530782078,0.3785861208834611,0,-0.2018201259712737,0,0,0,0,0,0,0,0,1
2005,AL,01073,Jefferson,1,1,Hail,80.0,2.01,0.0,8.9,107643,25.0,10710.0,8392.0,477550.0,1,55613,702,42,wood,9.4,61.7,49.4,585193.0,11.586584765057118,13.07642623948226,13.279698695170556,0.4384526423775484,0,0.1119679861826259,0,0,0,0,0,0,0,0,0
2005,AL,01097,Mobile,1,1,Flash Flood,125.4,0.0,4.3,1.1,36901,45.0,22581.0,19548.0,1895805.0,1,52503,459,46,wood,15.0,56.7,57.5,1932706.0,10.516021029101827,14.455154635886881,14.474432168843132,0.4741423379218916,1,-0.5725923278502443,0,0,1,0,0,0,0,0,0
2005,AZ,04013,Maricopa,1,1,Flash Flood,27.8,0.0,0.0,7.0,19231,18.0,41621.0,3433.0,810972.0,1,63925,516,26,masonry,12.5,65.8,21.2,830203.0,9.864330837334935,13.60599004031154,13.629426732705586,0.2936051872904821,0,0.8851103454370406,0,0,0,0,0,0,0,0,0
2005,AR,05119,Pulaski,2,2,Hail,74.2,2.5,0.0,8.7,271032,40.0,33157.0,15576.0,1949320.0,1,55578,404,40,wood,10.7,70.9,52.1,2220352.0,12.509995863666036,14.482991664774243,14.613176750216878,0.47496531610235254,1,0.3324365809033158,0,0,0,0,1,0,0,0,0
2005,CA,06037,Los Angeles,1,1,Thunderstorm Wind,42.2,0.0,0.0,5.6,16248,47.0,120049.0,6731.0,5958660.0,1,82205,2486,49,wood,5.6,63.6,63.5,5974908.0,9.695786647402777,15.600356349371168,15.603079425540345,0.31236015530712596,0,0.279846329386383,0,0,0,0,0,0,0,0,0
2005,CA,06073,San Diego,1,1,Winter Storm,57.4,0.0,0.0,1.8,7196,116.0,41740.0,4125.0,5320340.0,1,81650,771,36,wood,6.8,54.3,54.3,5327536.0,8.881419551507804,15.487047957008015,15.488399588026992,0.2917938058029763,0,0.2972276978052073,0,0,0,0,0,0,0,0,0
2005,CO,08041,El Paso,2,1,Thunderstorm Wind,63.0,0.0,0.0,8.8,139663,44.0,32659.0,7536.0,1768580.0,1,65499,282,32,wood,12.5,67.9,35.8,1908243.0,11.846994816975132,14.385688088105532,14.461694005413667,0.36117792726762993,0,0.6324749478746382,0,0,0,0,0,0,0,0,0
2005,FL,12057,Hillsborough,1,1,Flash Flood,108.9,0.0,3.1,6.7,117883,83.0,38896.0,4015.0,3561613.0,1,57980,1410,36,masonry,8.6,63.4,45.7,3679496.0,11.677456369088956,15.085724370873248,15.118286616020288,0.4781310850538219,1,0.39958087509968604,0,0,1,0,0,0,0,0,0
2005,FL,12086,Miami-Dade,1,1,Flash Flood,138.3,0.0,3.44,6.9,14840,49.0,33756.0,8470.0,2069074.0,1,54188,1391,42,masonry,15.2,60.3,44.1,2083914.0,9.605148899895818,14.54261220546653,14.549758894075408,0.4830528828904692,1,-0.17359854230445415,0,0,1,0,0,0,0,0,0
2005,GA,13089,Dekalb,1,1,Tornado,78.2,0.75,0.0,10.0,36693,21.0,19372.0,33597.0,1112349.0,1,64361,2689,44,wood,16.0,66.6,59.1,1149042.0,10.510368532938665,13.92198545247128,13.954439979977462,0.38943295973215486,0,-0.18486529715450264,0,0,0,0,0,0,0,0,0
2005,IL,17167,Sangamon,2,2,Thunderstorm Wind,89.7,1.75,0.0,17.9,219483,70.0,109517.0,5149.0,8026620.0,1,63687,296,48,wood,6.0,71.2,60.8,8246103.0,12.299034615902046,15.89827420035183,15.92525140434505,0.5209612907097898,1,0.38618507898389054,0,0,0,0,0,0,0,0,0
2005,IN,18097,Marion,1,1,Tornado,123.1,0.71,0.0,5.2,339934,67.0,15516.0,8221.0,1590379.0,1,57870,2329,50,wood,14.7,55.6,52.5,1930313.0,12.736509701845206,14.27948353935266,14.473193241948303,0.42401160968623147,0,-0.5397589549509008,0,0,0,0,1,0,0,0,0
2005,IA,19153,Polk,1,1,Tornado,105.3,1.87,0.0,5.5,98656,27.0,34091.0,10614.0,1207035.0,1,71244,542,42,wood,10.2,56.0,51.0,1305691.0,11.49940446686545,14.003678325649794,14.082243726395664,0.4402130329954519,0,0.010709758806204173,0,0,0,0,0,0,0,0,0
2005,KS,20173,Sedgwick,2,2,Hail,123.8,2.89,0.0,14.8,358291,4.0,49938.0,11949.0,247548.0,1,59420,546,44,wood,6.1,60.9,47.8,605839.0,12.789103575385392,12.419363821193448,13.314371203787704,0.548796160839053,1,0.2846608502936315,0,0,0,0,1,0,0,0,0
2005,LA,22071,Orleans,1,1,Thunderstorm Wind,111.2,0.0,0.0,7.4,85548,144.0,134630.0,10403.0,20884752.0,1,43941,2095,56,wood,10.6,62.3,62.4,20970300.0,11.356844590181304,16.85452992917362,16.858617756613906,0.40661847976454357,0,-0.5024995477763593,0,0,0,0,0,1,1,0,0
2005,MI,26081,Kent,1,1,Flash Flood,64.7,0.0,1.77,9.8,8122,16.0,31707.0,6105.0,604992.0,1,66885,657,46,wood,11.2,56.8,59.1,613114.0,9.002454823050954,13.312972166698108,13.326307799280887,0.3767505438647634,0,-0.2561553462028489,0,0,1,0,0,0,0,0,0
2005,MN,27003,Anoka,1,1,Thunderstorm Wind,82.7,0.0,0.0,8.4,9372,26.0,98249.0,4967.0,2683616.0,1,78847,730,42,wood,15.3,69.1,58.8,2692988.0,9.145588494746486,14.80267606942499,14.80616228712145,0.3465075564964861,0,0.11076690789876778,0,0,0,0,0,0,0,0,0
2005,MS,28049,Hinds,2,2,Hail,116.5,2.27,0.0,7.0,714766,163.0,60436.0,7913.0,11140887.0,1,45633,299,50,wood,10.3,62.4,55.5,11855653.0,13.47971189444176,16.226132502033376,16.288315442556396,0.5156860146048154,1,-0.2501515197071338,0,0,0,0,1,1,1,0,0
2005,MO,29095,Jackson,1,1,Thunderstorm Wind,34.6,0.0,0.0,4.7,13022,56.0,35873.0,12575.0,2713088.0,1,58831,1527,48,wood,16.5,67.4,52.5,2726110.0,9.474472303967703,14.813598396115896,14.818386609411819,0.29175893678025727,0,-0.21237113128729418,0,0,0,0,0,0,0,0,0
2005,NE,31055,Douglas,4,3,Hail,130.8,2.23,0.0,20.8,1612157,106.0,50835.0,13269.0,6795024.0,1,71490,1447,42,wood,8.8,58.8,50.5,8407181.0,14.293084212133904,15.731701284736477,15.94459689850925,0.6098800792015805,1,0.18437845585142112,0,0,0,1,1,0,0,0,0
2005,NV,32003,Clark,1,1,Winter Storm,53.4,0.0,0.0,8.6,25834,26.0,51599.0,7058.0,1525082.0,1,65060,485,32,masonry,16.9,57.5,46.2,1550916.0,10.159485440721285,14.237559392772104,14.254356926864734,0.33169587465556927,0,-0.0956840355167343,0,0,0,0,0,0,0,0,0
2005,NJ,34013,Essex,1,1,Flash Flood,42.7,0.0,0.88,5.0,57094,65.0,33899.0,35881.0,4535700.0,1,65491,6190,62,masonry,12.7,73.6,65.7,4592794.0,10.95247182613575,15.327490205109513,15.339999329174459,0.34678464841890455,0,-0.2125387581401093,0,0,1,0,0,0,0,0,1
2005,NY,36103,Suffolk,1,1,Flash Flood,44.1,0.0,0.55,7.0,21060,43.0,47621.0,14505.0,2671418.0,1,107577,1639,54,wood,12.9,58.2,61.4,2692478.0,9.955178267941482,14.798120349875383,14.805972888539367,0.33366475355826797,0,-0.1023965054701077,0,0,1,0,0,0,0,0,0
2005,NC,37119,Mecklenburg,2,2,Hail,73.6,0.66,0.0,10.4,72024,35.0,6753.0,11862.0,651525.0,1,69575,1076,32,wood,5.4,62.9,42.6,723549.0,11.18476855995273,13.387072582655573,13.491924931166139,0.3877724799676681,0,0.7850500261467955,0,0,0,0,0,0,0,0,0
2005,OH,39035,Cuyahoga,1,1,Thunderstorm Wind,24.9,0.0,0.0,1.8,39151,26.0,97583.0,14156.0,2905214.0,1,53347,2844,58,wood,11.7,53.8,62.6,2944365.0,10.575206785682452,14.882017955856542,14.895404071755905,0.2808787782477237,0,-0.7838680364554189,0,0,0,0,0,0,0,0,0
2005,OH,39049,Franklin,1,1,Hail,80.8,0.45,0.0,5.7,1251,5.0,36049.0,3983.0,200160.0,1,62778,1565,40,wood,12.7,60.0,43.7,201411.0,7.132497551660044,12.206877321691456,12.21310784041117,0.300675823539385,0,0.07419707002113525,0,0,0,0,0,0,0,0,0
2005,OK,40143,Tulsa,2,1,Tornado,98.9,1.96,0.0,11.3,62596,26.0,16631.0,2484.0,496990.0,1,61821,958,44,wood,6.3,54.1,52.1,559586.0,11.044472632617147,13.11632719626289,13.234954290624422,0.45908064196680026,0,0.014214694733679423,0,0,0,0,0,0,0,0,0
2005,OR,41051,Multnomah,1,1,Flash Flood,73.6,0.0,0.48,5.2,65697,5.0,28785.0,2597.0,156910.0,1,69763,1751,46,wood,10.2,56.6,51.1,222607.0,11.092823762609049,11.963434044612915,12.313167656081658,0.33232270500321,0,-0.06042912930382087,0,0,1,0,0,0,0,0,0
2005,PA,42101,Philadelphia,2,1,Flash Flood,67.9,0.0,0.91,17.700000000000003,233748,105.0,31281.0,3083.0,3608220.0,1,49420,12027,64,masonry,8.0,64.6,68.9,3841968.0,12.362003169066917,15.098725411060396,15.161495553563876,0.4547701929092823,0,-0.48781683562770245,0,0,1,0,0,0,0,0,1
2005,SC,45045,Greenville,1,1,Tornado,71.8,0.91,0.0,7.2,80043,9.0,18411.0,5565.0,215784.0,1,62389,495,34,wood,11.4,58.7,36.4,295827.0,11.290331762461454,12.282037820585874,12.597533483332075,0.3691006992869823,0,0.3214510174128699,0,0,0,0,0,0,0,0,0
2005,TN,47037,Davidson,2,1,Hail,65.5,1.27,0.0,17.3,103671,13.0,4060.0,6796.0,141128.0,1,65276,1267,39,wood,12.9,69.1,46.1,244799.0,11.54898734811525,11.85742964471725,12.408196829620309,0.4356958629977399,0,0.3596912376928715,0,0,0,0,0,0,0,0,0
2005,TX,48113,Dallas,1,1,Tornado,100.2,1.88,0.0,10.7,13005,5.0,58535.0,15054.0,367945.0,1,66962,2931,38,wood,7.7,56.8,44.8,380950.0,9.473166068429098,12.815691467253394,12.850426036914117,0.4326423433292035,0,0.29785195640709344,0,0,0,0,0,0,0,0,0
2005,TX,48439,Tarrant,2,2,Thunderstorm Wind,92.0,2.32,0.0,12.0,49289,43.0,8075.0,4320.0,532985.0,1,66073,2264,34,wood,15.3,58.8,42.8,582274.0,10.805476499699424,13.186250436386503,13.274698123707608,0.4695952773112689,1,0.0547472076217725,0,0,0,0,0,0,0,0,0
2005,UT,49035,Salt Lake,1,1,Thunderstorm Wind,0.8,0.0,0.0,1.6,610,35.0,35290.0,5599.0,1431115.0,1,75727,1439,36,masonry,12.2,68.4,47.7,1431725.0,6.415096959171596,14.173965117447496,14.174391267412622,0.20652435571988484,0,0.5048932568648861,0,0,0,0,0,0,0,0,0
2005,VA,51059,Fairfax,1,1,Thunderstorm Wind,57.2,0.0,0.0,4.7,84581,10.0,49720.0,6617.0,563370.0,1,137413,2838,42,wood,9.8,71.1,48.3,647951.0,11.34547675699898,13.24169365990118,13.381571898516718,0.3171146676820189,0,1.1793622022770849,0,0,0,0,0,0,0,1,0
2005,WA,53033,King,1,1,Flash Flood,50.6,0.0,1.03,4.1,25656,24.0,64696.0,9310.0,1776144.0,1,101953,981,40,wood,8.8,67.4,47.2,1801800.0,10.152571717850691,14.389955843345694,14.404297278199877,0.33448605889289573,0,0.8339350995513458,0,0,1,0,0,0,0,0,0
2005,WI,55079,Milwaukee,1,1,Thunderstorm Wind,62.6,0.0,0.0,10.7,80063,47.0,18395.0,14965.0,1567920.0,1,49556,6451,58,wood,17.1,59.9,61.8,1647983.0,11.290581593826584,14.26526109597018,14.31506328066656,0.3643081797587253,0,-0.8996966545077149,0,0,0,0,0,0,0,0,1
2006,AL,01097,Mobile,1,1,Hurricane (Typhoon),106.2,0.0,1.65,9.9,44041,9.0,57469.0,2686.0,541395.0,1,51680,456,46,wood,9.4,58.8,51.6,585436.0,10.692899003066138,13.201906267882366,13.280113855888988,0.42469870288894757,0,-0.12597856861243445,0,0,1,0,0,0,0,0,0
2006,AZ,04013,Maricopa,1,1,Flash Flood,53.1,0.0,0.56,6.0,834,103.0,94634.0,19121.0,11716765.0,1,67435,520,26,masonry,8.2,62.4,36.7,11717599.0,6.727431724850855,16.276531365468536,16.276602542986236,0.31078763146445615,0,0.8021616133486671,0,0,1,0,0,0,1,0,0
2006,AR,05119,Pulaski,1,1,Thunderstorm Wind,105.0,0.0,0.0,12.0,194483,10.0,47415.0,9998.0,574130.0,1,54304,406,40,wood,13.0,73.1,56.0,768613.0,12.17810517644612,13.260612872259312,13.552344171883238,0.40612657658800844,0,0.20903541462090955,0,0,0,0,0,0,0,0,0
2006,CA,06073,San Diego,1,1,Winter Storm,27.0,0.0,0.0,8.9,3337,9.0,77512.0,12707.0,811971.0,1,84042,791,36,wood,14.3,58.0,43.5,815308.0,8.11312710422178,13.60722113579065,13.611322461471467,0.2836420431556799,0,0.20386289192346957,0,0,0,0,0,0,0,0,0
2006,CO,08031,Denver,1,1,Tornado,44.1,2.3,0.0,2.8,4539,15.0,71616.0,11771.0,1250805.0,1,78161,4547,44,wood,17.2,58.2,57.7,1255344.0,8.420682291035394,14.039298701484283,14.042920993168236,0.3584688366221758,0,-0.36513271426286875,0,0,0,0,0,0,0,0,0
2006,CO,08041,El Paso,1,1,Thunderstorm Wind,86.3,0.0,0.0,3.2,17024,49.0,31854.0,12704.0,2183342.0,1,67281,287,32,wood,6.7,74.0,34.1,2200366.0,9.742438131017714,14.59636774641444,14.604134722597756,0.3244129816893642,0,1.1779882293207822,0,0,0,0,0,0,0,0,0
2006,FL,12086,Miami-Dade,1,1,Thunderstorm Wind,147.7,0.0,0.0,3.5,198287,66.0,25188.0,7373.0,2149026.0,1,57030,1427,42,masonry,6.3,62.6,56.2,2347313.0,12.197475798304655,14.58052573952897,14.6687822536986,0.40211814702264287,0,0.21521322094773715,0,0,0,0,0,0,0,0,0
2006,FL,12095,Orange,3,3,Flash Flood,125.1,0.0,4.28,20.0,75069,76.0,22805.0,15395.0,2903200.0,1,62481,1315,32,masonry,14.4,69.8,36.1,2978269.0,11.226176290567048,14.881324479328445,14.906853152992035,0.5943299464144364,1,0.5591134587383889,0,0,1,0,0,0,0,0,0
2006,GA,13089,Dekalb,1,1,Thunderstorm Wind,63.2,0.0,0.0,1.6,8393,107.0,91599.0,10362.0,10909827.0,1,64445,2648,44,wood,11.1,67.0,47.0,10918220.0,9.035272443893536,16.205174592332092,16.205943602921504,0.30326621958079486,0,0.27327822136246055,0,0,0,0,0,0,1,0,0
2006,IL,17167,Sangamon,1,1,Hail,54.9,1.78,0.0,11.4,9740,17.0,35562.0,2889.0,653667.0,1,61877,293,48,wood,12.3,61.5,52.3,663407.0,9.184099060770956,13.390354856283919,13.405145464511918,0.39936696639350294,0,-0.1457179319276265,0,0,0,0,0,0,0,0,0
2006,IN,18097,Marion,1,1,Tornado,59.6,2.7,0.0,7.1,9482,13.0,27548.0,35817.0,823745.0,1,60837,2328,50,wood,12.4,71.3,53.2,833227.0,9.157256000883727,13.62161750894488,13.633062593181167,0.4156883878116569,0,0.10079097130111499,0,0,0,0,0,0,0,0,0
2006,IA,19153,Polk,3,2,Tornado,94.1,2.03,0.0,26.200000000000003,82918,23.0,146714.0,13234.0,3678804.0,1,71650,540,42,wood,11.4,73.5,47.1,3761722.0,11.325619506660304,15.118098529148606,15.140387655084899,0.5649407815640483,1,0.5686280786923203,0,0,0,1,0,0,0,0,0
2006,KS,20173,Sedgwick,2,2,Hail,89.8,3.26,0.0,7.699999999999999,74143,32.0,49586.0,12909.0,1999840.0,1,61479,544,44,wood,9.9,64.5,47.4,2073983.0,11.213764427232103,14.508578235363927,14.544981953180619,0.49602074723799516,1,0.2231735450549695,0,0,0,0,0,0,0,0,0
2006,LA,22071,Orleans,1,1,Flash Flood,111.8,0.0,3.57,9.3,17731,794.0,21959.0,3634.0,20320842.0,1,45399,2090,56,wood,16.5,55.3,61.8,20338573.0,9.783126195864945,16.8271576660345,16.828029837965737,0.5023109226853677,1,-1.0164478134422612,0,0,1,0,0,1,1,0,0
2006,MI,26081,Kent,3,2,Winter Storm,87.7,0.0,0.0,18.0,300423,69.0,88817.0,4336.0,6427557.0,1,66570,667,46,wood,10.3,66.9,54.7,6727980.0,12.612950089156168,15.676105241807644,15.721785656611909,0.45367764347504785,0,0.17799755194384675,0,0,0,0,1,0,0,0,0
2006,MN,27053,Hennepin,1,1,Thunderstorm Wind,45.1,0.0,0.0,5.9,33730,29.0,37820.0,46331.0,2440379.0,1,78064,1946,50,wood,6.0,54.5,49.8,2474109.0,10.426172574814567,14.707664322848446,14.7213912933552,0.3169289593195346,0,0.11904155386036627,0,0,0,0,0,0,0,0,0
2006,MS,28049,Hinds,2,2,Hail,92.9,1.97,0.0,11.8,231742,55.0,84940.0,8463.0,5137165.0,1,45847,301,50,wood,9.1,64.8,43.6,5368907.0,12.35338427800968,15.452012123507794,15.496135093850928,0.49350227895137294,1,0.07341889512604653,0,0,0,0,0,0,0,0,0
2006,MO,29095,Jackson,1,1,Thunderstorm Wind,56.8,0.0,0.0,5.2,2456,5.0,53278.0,13932.0,336050.0,1,61483,1546,48,wood,6.2,59.7,54.6,338506.0,7.806696372521179,12.725018213141341,12.732300050588892,0.2740824592563999,0,0.08218718842117952,0,0,0,0,0,0,0,0,0
2006,NE,31055,Douglas,1,1,Thunderstorm Wind,97.9,0.0,0.0,8.4,458422,25.0,20274.0,5394.0,641700.0,1,68210,1486,42,wood,13.3,58.7,55.3,1100122.0,13.035547617644038,13.371877742097997,13.91093254969923,0.390783495397306,0,-0.16193855494869416,0,0,0,0,1,0,0,0,0
2006,NV,32003,Clark,1,1,Flash Flood,62.4,0.0,1.32,7.2,59940,12.0,10470.0,16025.0,317940.0,1,64017,492,32,masonry,7.4,73.9,32.8,377880.0,11.001116024081504,12.669621109957447,12.842334610222323,0.3645181420365291,0,1.126600972453937,0,0,1,0,0,0,0,0,0
2006,NJ,34013,Essex,1,1,Winter Storm,48.2,0.0,0.0,3.1,33384,55.0,10676.0,4190.0,817630.0,1,69486,6238,62,masonry,13.4,58.5,71.5,851014.0,10.41586197629197,13.614166413564062,13.654185033722143,0.29341141757024264,0,-0.7822156128194534,0,0,0,0,0,0,0,0,1
2006,NY,36059,Nassau,1,1,Winter Storm,76.1,0.0,0.0,11.4,83343,26.0,5761.0,41540.0,1229826.0,1,117230,4910,62,masonry,12.5,67.3,66.7,1313169.0,11.330731899984972,14.0223840670499,14.087954619389745,0.3771409947821402,0,0.07006363946767698,0,0,0,0,0,0,0,1,0
2006,NC,37119,Mecklenburg,1,1,Thunderstorm Wind,100.8,0.0,0.0,6.2,69752,2.0,27960.0,8356.0,72632.0,1,72537,1071,32,wood,17.5,72.7,46.9,142384.0,11.152715709511364,11.193174642992942,11.866289935333022,0.3392708843109678,0,0.4173953273362695,0,0,0,0,0,0,0,0,0
2006,OH,39049,Franklin,1,1,Hail,58.4,0.33,0.0,0.7,23192,107.0,94514.0,13639.0,11572371.0,1,67415,1538,40,wood,14.1,55.2,40.5,11595563.0,10.051605787988585,16.264131091122138,16.266133169144688,0.31948013470351694,0,-0.060873394546776004,0,0,0,0,0,0,1,0,0
2006,OK,40143,Tulsa,2,1,Hail,130.2,1.58,0.0,13.8,348887,25.0,17019.0,4585.0,540100.0,1,61852,962,44,wood,6.2,72.2,48.6,888987.0,12.762506232774271,13.199511438088248,13.697839016092228,0.5036817356095639,1,0.6507180738070518,0,0,0,0,1,0,0,0,0
2006,OR,41051,Multnomah,1,1,Winter Storm,5.6,0.0,0.0,11.2,1888,11.0,18573.0,6024.0,270567.0,1,72105,1713,46,wood,15.5,69.9,53.2,272455.0,7.543802867501509,12.508278731998052,12.515232412158184,0.263994772500122,0,0.07253491376861801,0,0,0,0,0,0,0,0,0
2006,PA,42101,Philadelphia,2,1,Thunderstorm Wind,74.0,0.0,0.0,4.1,17146,3.0,17093.0,11744.0,86511.0,1,54955,11835,64,masonry,16.9,67.6,80.6,103657.0,9.749578510178852,11.368038411621786,11.548852297712305,0.2916359773041135,0,-0.9908610080615949,0,0,0,0,0,0,0,0,1
2006,SC,45045,Greenville,1,1,Hail,92.6,1.22,0.0,2.5,63307,61.0,14409.0,6152.0,1254221.0,1,61980,496,34,wood,10.9,53.3,33.0,1317528.0,11.055766982453173,14.042026017999246,14.091268570540606,0.3829986101429785,0,0.22360656408321283,0,0,0,0,0,0,0,0,0
2006,TN,47157,Shelby,2,2,Thunderstorm Wind,109.8,0.0,0.0,16.2,99128,13.0,60378.0,12542.0,947960.0,1,56265,1363,44,wood,6.2,68.9,46.7,1047088.0,11.50417731121252,13.76206864115041,13.861524491015523,0.43068404201584326,0,0.5216187910840068,0,0,0,0,0,0,0,0,0
2006,TX,48113,Dallas,2,1,Hail,125.5,3.53,0.0,15.5,155150,26.0,33715.0,5951.0,1031316.0,1,72505,2907,38,wood,15.4,65.6,48.4,1186466.0,11.952154115231197,13.846347184217558,13.9864905415761,0.5819095023911082,1,0.16706922218532144,0,0,0,0,0,0,0,0,0
2006,TX,48141,El Paso,1,1,Thunderstorm Wind,58.3,0.0,0.0,1.6,79342,46.0,120096.0,8215.0,5902306.0,1,50118,811,36,masonry,6.7,62.1,39.0,5981648.0,11.281535505302044,15.590853849397895,15.60420684042244,0.32009208471750145,0,0.486873978398898,0,0,0,0,0,0,0,0,0
2006,UT,49035,Salt Lake,3,3,Flash Flood,62.2,0.0,0.0,12.7,96758,33.0,57046.0,9766.0,2204796.0,1,81761,1394,36,masonry,11.0,65.3,38.6,2301554.0,11.479978629821447,14.606145999132917,14.649095539412073,0.3807385184799647,0,0.6652340991250235,0,0,0,0,0,0,0,0,0
2006,VA,51059,Fairfax,1,1,Thunderstorm Wind,53.4,0.0,0.0,4.6,15197,6.0,27442.0,13501.0,245658.0,1,137982,2859,42,wood,7.6,71.8,53.1,260855.0,9.62891911922973,12.411699674418024,12.471723809911133,0.28635180539535876,0,1.2508616561673767,0,0,0,0,0,0,0,1,0
2006,WA,53033,King,1,1,Winter Storm,74.1,0.0,0.0,10.5,7771,47.0,10880.0,14671.0,1200897.0,1,100497,965,40,wood,10.1,72.8,44.7,1208668.0,8.95828281049733,13.998580168229784,14.005030312128891,0.3426728004407136,0,0.9615193371398307,0,0,0,0,0,0,0,0,0
2006,WI,55079,Milwaukee,2,2,Flash Flood,103.0,0.0,0.0,13.7,413732,32.0,98153.0,21044.0,3814304.0,1,52389,6287,58,wood,16.4,69.8,73.2,4228036.0,12.932976117215997,15.154269030482158,15.257248377116566,0.4398548363240289,0,-0.6934405007836253,0,0,0,0,1,0,0,0,1
2007,AL,01097,Mobile,1,1,Thunderstorm Wind,97.9,0.0,0.0,0.9,256038,69.0,64063.0,14698.0,5434509.0,1,53967,465,47,wood,15.9,72.0,61.5,5690547.0,12.453085055608568,15.50827991807937,15.554317110779657,0.35964002840552434,0,-0.19795145897650473,0,0,0,0,1,0,0,0,0
2007,AZ,04013,Maricopa,1,1,Thunderstorm Wind,46.1,0.0,0.0,6.4,29997,39.0,25832.0,9165.0,1364883.0,1,72367,529,27,masonry,13.3,59.8,30.2,1394880.0,10.308885991755306,14.126580001305067,14.148319664939455,0.31409706739478954,0,0.5750570758650151,0,0,0,0,0,0,0,0,0
2007,AR,05119,Pulaski,1,1,Hail,73.6,2.21,0.0,10.0,16327,19.0,38337.0,10408.0,926155.0,1,59796,403,41,wood,11.7,63.5,51.1,942482.0,9.70063670448968,13.738797965962103,13.756273161006353,0.43157590970499354,0,0.07949592693226802,0,0,0,0,0,0,0,0,0
2007,CA,06037,Los Angeles,1,1,Thunderstorm Wind,59.8,0.0,0.0,7.4,5812,15.0,36619.0,7007.0,654390.0,1,84913,2504,50,wood,16.5,68.9,61.9,660202.0,8.66785206770135,13.391460311119866,13.400302642468457,0.3049701185470816,0,-0.0989071594773888,0,0,0,0,0,0,0,0,0
2007,CO,08041,El Paso,1,1,Tornado,87.9,2.28,0.0,5.4,105743,15.0,58282.0,4007.0,934335.0,1,70781,287,33,wood,15.0,60.9,50.0,1040078.0,11.568776357710234,13.747591395559652,13.854807229771085,0.4406072324002402,0,0.09118706681825559,0,0,0,0,0,0,0,0,0
2007,FL,12057,Hillsborough,1,1,Hurricane (Typhoon),133.7,0.0,2.16,5.5,50836,63.0,17811.0,8142.0,1635039.0,1,65023,1382,37,masonry,12.0,53.9,34.3,1685875.0,10.836379714907709,14.307177826846036,14.33779586798277,0.4467657338146788,0,0.13714123821181703,0,0,1,0,0,0,0,0,0
2007,GA,13089,Dekalb,1,1,Hail,74.9,1.68,0.0,8.5,16580,61.0,25797.0,4845.0,1869162.0,1,65162,2732,45,wood,9.9,55.3,53.6,1885742.0,9.716012740501373,14.441001295047974,14.44983246565808,0.40972239631488705,0,-0.14876611570381676,0,0,0,0,0,0,0,0,0
2007,IL,17167,Sangamon,1,1,Thunderstorm Wind,85.2,0.0,0.0,2.5,151698,24.0,139119.0,5433.0,3469248.0,1,64274,294,49,wood,13.3,58.8,58.1,3620946.0,11.929653573357085,15.059448701986476,15.102246151800006,0.34897910865992704,0,-0.3694053988666465,0,0,0,0,0,0,0,0,0
2007,IN,18097,Marion,1,1,Thunderstorm Wind,108.3,0.0,0.0,8.0,67960,78.0,208939.0,10837.0,17142528.0,1,64039,2345,51,wood,6.2,62.9,60.9,17210488.0,11.126689290215575,16.657073009841135,16.66102958149702,0.40341561379164137,0,0.05640077066560939,0,0,0,0,0,0,1,0,0
2007,IA,19153,Polk,1,1,Hail,75.2,1.96,0.0,1.2,19884,24.0,55460.0,9552.0,1560288.0,1,69634,538,43,wood,10.0,70.2,53.6,1580172.0,9.897720957641791,14.260381618478126,14.27304489268004,0.37924657215210794,0,0.4009998367015841,0,0,0,0,0,0,0,0,0
2007,KS,20091,Johnson,1,1,Hail,79.6,2.13,0.0,7.6,334429,81.0,85448.0,10598.0,7779726.0,1,88014,1047,35,wood,13.3,57.5,45.2,8114155.0,12.720182869087381,15.867031805564613,15.909120748592798,0.4730959673879523,1,0.27132889594136955,0,0,0,0,1,0,0,0,0
2007,LA,22071,Orleans,2,2,Flash Flood,112.3,0.0,3.88,17.0,107647,161.0,33524.0,10097.0,7022981.0,1,49444,2049,57,wood,8.3,60.8,60.2,7130628.0,11.586621923892565,15.764698472130611,15.779910007293259,0.5675638153437623,1,-0.3614358931952187,0,0,1,0,0,1,0,0,0
2007,MI,26081,Kent,2,2,Thunderstorm Wind,67.7,0.0,0.0,5.2,14135,2.0,52017.0,9890.0,123814.0,1,68356,666,47,wood,6.4,60.1,53.6,137949.0,9.556480013999533,11.726543795059367,11.834646579645431,0.29401747775843423,0,0.1831091764784812,0,0,0,0,0,0,0,0,0
2007,MN,27003,Anoka,1,1,Thunderstorm Wind,98.8,0.0,0.0,4.1,16948,19.0,37094.0,9309.0,881657.0,1,80655,727,43,wood,8.0,73.8,38.0,898605.0,9.737964114018055,13.689559504690438,13.708599952649099,0.3312431690327294,0,0.9636924404958723,0,0,0,0,0,0,0,0,0
2007,MN,27053,Hennepin,1,1,Hail,79.1,1.4,0.0,8.8,66409,46.0,34423.0,3894.0,1762582.0,1,78323,1987,51,wood,13.0,61.6,69.1,1828991.0,11.103602926534759,14.382290904758339,14.419275553388587,0.41940830421413816,0,-0.3364339506330378,0,0,0,0,0,0,0,0,0
2007,MS,28049,Hinds,1,1,Thunderstorm Wind,67.9,0.0,0.0,5.5,7739,8.0,27222.0,49716.0,615504.0,1,46826,298,51,wood,14.7,68.6,56.7,623243.0,8.954156966583772,13.330198348050498,13.34269337438399,0.3030773513284294,0,-0.3117790677183615,0,0,0,0,0,0,0,0,0
2007,MO,29095,Jackson,1,1,Hail,80.3,1.69,0.0,8.5,14465,29.0,47214.0,13083.0,1748613.0,1,61232,1564,49,wood,11.8,52.5,51.6,1763078.0,9.579556347409227,14.374334032102,14.382572270359054,0.4121295317573854,0,-0.42048276087213826,0,0,0,0,0,0,0,0,0
2007,NE,31055,Douglas,2,2,Thunderstorm Wind,113.8,2.35,0.0,12.3,162302,9.0,50246.0,4538.0,493056.0,1,73230,1494,43,wood,17.2,74.0,51.2,655358.0,11.997220237620205,13.108380065002763,13.3929384560731,0.5025401841435931,1,0.21021526640584373,0,0,0,0,0,0,0,0,0
2007,NV,32003,Clark,1,1,Thunderstorm Wind,56.1,0.0,0.0,8.2,70565,9.0,26775.0,7720.0,310455.0,1,63047,496,33,masonry,15.0,66.8,35.7,381020.0,11.164303721079092,12.64579746338998,12.850609770700126,0.32908264084181565,0,0.42423632961108365,0,0,0,0,0,0,0,0,0
2007,NJ,34013,Essex,1,1,Thunderstorm Wind,36.0,0.0,0.0,4.8,20145,71.0,24239.0,7861.0,2279100.0,1,71284,6225,63,masonry,10.0,55.1,79.9,2299245.0,9.910761036502626,14.639291624929017,14.648091801065704,0.29694289212621866,0,-0.839717408508465,0,0,0,0,0,0,0,0,1
2007,NY,36059,Nassau,1,1,Thunderstorm Wind,20.7,0.0,0.0,3.7,17388,37.0,60354.0,9718.0,2592664.0,1,115090,4843,63,masonry,5.9,66.2,71.2,2610052.0,9.76359310138207,14.768196862190738,14.774881085606111,0.27815904591137247,0,0.27819747644531023,0,0,0,0,0,0,0,1,0
2007,NY,36103,Suffolk,2,2,Flash Flood,72.9,0.0,0.53,14.6,70998,23.0,69093.0,19068.0,2027703.0,1,108851,1679,55,wood,9.3,64.9,74.0,2098701.0,11.170421071417223,14.522414676433014,14.556829616355945,0.4109247005312495,0,0.10413491422159456,0,0,1,0,0,0,0,0,0
2007,NC,37119,Mecklenburg,2,1,Tornado,92.4,1.04,0.0,20.9,80621,12.0,12688.0,10682.0,280440.0,1,70746,1064,33,wood,5.0,62.4,25.4,361061.0,11.297526844103464,12.544118643139678,12.796804967720862,0.4715407798581143,1,1.0446134706415875,0,0,0,1,0,0,0,0,0
2007,OH,39035,Cuyahoga,2,1,Flash Flood,66.2,0.0,1.69,5.9,164298,13.0,25476.0,17812.0,562744.0,1,54906,2900,59,wood,8.9,56.2,76.9,727042.0,12.00944321757957,13.24058187378948,13.496740901946724,0.3873563368615797,0,-0.7802575293129956,0,0,1,0,0,0,0,0,0
2007,OH,39049,Franklin,3,2,Thunderstorm Wind,72.5,1.14,0.0,20.9,177204,8.0,13977.0,3629.0,140848.0,1,68312,1526,41,wood,9.0,52.4,44.3,318052.0,12.085062533459324,11.855443673527807,12.669973314541634,0.4630379209744187,0,0.05263559101117341,0,0,0,1,0,0,0,0,0
2007,OK,40109,Oklahoma,1,1,Tornado,109.1,2.95,0.0,4.2,85689,27.0,30239.0,18748.0,1322649.0,1,58686,866,41,wood,16.2,65.1,50.4,1408338.0,11.358491411663165,14.095147857832949,14.157921553765846,0.47679579856681004,1,-0.10834190309635708,0,0,0,0,0,0,0,0,0
2007,OR,41051,Multnomah,2,1,Thunderstorm Wind,51.2,0.0,0.0,9.3,155349,7.0,28247.0,31508.0,418285.0,1,77522,1764,47,wood,9.4,70.3,55.1,573634.0,11.953435914821194,12.943920688067902,13.25974858453712,0.34340923768802467,0,0.4128768546916442,0,0,0,0,0,0,0,0,0
2007,PA,42101,Philadelphia,2,1,Winter Storm,85.6,0.0,0.0,17.3,109718,48.0,48479.0,16159.0,3102624.0,1,53898,12077,65,masonry,16.2,57.8,65.4,3212342.0,11.605677830901366,14.947759085337914,14.982511135396026,0.42989753812467574,0,-1.0636176707748763,0,0,0,0,0,0,0,0,1
2007,SC,45045,Greenville,1,1,Tornado,65.6,1.59,0.0,11.3,59401,33.0,546465.0,12955.0,18460860.0,1,63973,512,35,wood,14.1,68.2,39.0,18520261.0,10.992083174817584,16.731163427338085,16.734375933950492,0.45017977269120907,0,0.4378227062393984,0,0,0,0,0,0,1,0,0
2007,TN,47037,Davidson,1,1,Thunderstorm Wind,84.2,0.0,0.0,1.9,126527,9.0,105313.0,32219.0,1237788.0,1,64062,1302,40,wood,17.1,55.4,50.4,1364315.0,11.748218906530289,14.028837281513383,14.126163762108087,0.3335383217758677,0,-0.3962726653369367,0,0,0,0,0,0,0,0,0
2007,TN,47157,Shelby,1,1,Hail,119.5,0.69,0.0,1.5,172395,10.0,32547.0,16755.0,493020.0,1,59166,1404,45,wood,16.6,55.1,50.5,665415.0,12.057549435086415,13.108307048466513,13.408167687964225,0.3808871597414815,0,-0.5204908237935675,0,0,0,0,0,0,0,0,0
2007,TX,48113,Dallas,1,1,Thunderstorm Wind,61.8,0.0,0.0,4.3,21979,19.0,21415.0,19674.0,780691.0,1,69485,2960,39,wood,6.3,68.7,51.3,802670.0,9.997888227957612,13.56793598484184,13.595700195399262,0.30562837257043124,0,0.6581146839690206,0,0,0,0,0,0,0,0,0
2007,TX,48141,El Paso,1,1,Flash Flood,35.2,0.0,0.49,1.3,128905,19.0,66608.0,10682.0,1468510.0,1,53527,839,37,masonry,9.9,68.0,46.1,1597415.0,11.766838735555371,14.199759520229462,14.283897881691713,0.3078882384631549,0,0.4104970855950988,0,0,1,0,0,0,0,0,0
2007,TX,48201,Harris,3,2,Thunderstorm Wind,136.5,0.0,3.47,19.6,96784,28.0,18745.0,9415.0,788480.0,1,67110,2750,37,wood,13.8,60.6,40.5,885264.0,11.480247302579645,13.577863588709365,13.693642314196595,0.5689896046581989,1,0.18060071513781134,0,0,1,0,0,0,0,0,0
2007,UT,49035,Salt Lake,1,1,Flash Flood,9.8,0.0,0.05,7.7,2518,53.0,28933.0,10759.0,2103676.0,1,77013,1446,37,masonry,17.8,53.5,35.3,2106194.0,7.831617276352611,14.559197323944513,14.56039355998222,0.26995618353244166,0,-0.08585330717643128,0,0,1,0,0,0,0,0,0
2007,VA,51059,Fairfax,1,1,Winter Storm,27.4,0.0,0.0,5.7,2563,6.0,30033.0,23378.0,320466.0,1,132531,2890,43,wood,16.8,71.3,51.7,323029.0,7.849323818040561,12.677534585923128,12.685500477148748,0.25422916051588107,0,0.6972999915270395,0,0,0,0,0,0,0,1,0
2007,WA,53033,King,1,1,Thunderstorm Wind,20.4,0.0,0.0,2.9,979,37.0,68294.0,5143.0,2717169.0,1,106884,992,41,wood,9.8,60.6,45.0,2718148.0,6.887552571664617,14.815101455461063,14.815461691911063,0.24037027477191608,0,0.6251429272255768,0,0,0,0,0,0,0,0,0
2007,WI,55079,Milwaukee,1,1,Flash Flood,0.0,0.0,0.0,3.9,0,34.0,8513.0,13037.0,732700.0,1,50425,6441,59,wood,12.6,52.1,67.8,732700.0,0.0,13.50449298496219,13.50449298496219,0.1388534400364155,0,-1.0113884176499728,0,0,0,0,0,0,0,0,1
2008,AL,01073,Jefferson,1,1,Tornado,98.6,2.44,0.0,10.4,189986,19.0,68051.0,6682.0,1419927.0,1,63330,716,44,wood,13.8,62.0,47.9,1609913.0,12.154710927749164,14.166116724066589,14.291691319384885,0.49445192388409126,1,-0.05395558699534695,0,0,0,0,0,0,0,0,0
2008,AZ,04013,Maricopa,1,1,Flash Flood,63.1,0.0,0.0,5.4,48122,16.0,11255.0,3978.0,243728.0,1,71549,523,28,masonry,5.2,71.2,20.2,291850.0,10.781515512284951,12.403812231302483,12.583998677043747,0.31179005876820864,0,1.4950556341396868,0,0,0,0,0,0,0,0,0
2008,AR,05119,Pulaski,2,2,Hail,124.0,1.08,0.0,12.899999999999999,227934,60.0,26818.0,2879.0,1781820.0,1,59660,404,42,wood,13.5,54.2,45.9,2009754.0,12.336815779572051,14.393146433033777,14.513523382058738,0.4798584135752859,1,-0.25371205164700505,0,0,0,0,0,0,0,0,0
2008,CA,06037,Los Angeles,2,1,Flash Flood,29.0,0.0,0.04,13.3,212794,6.0,72030.0,17742.0,538632.0,1,83357,2480,51,wood,7.2,71.1,53.8,751426.0,12.268084539932984,13.196789727441862,13.52972934440164,0.3562855448510079,0,0.5553621714819089,0,0,1,0,0,0,0,0,0
2008,CA,06073,San Diego,1,1,Winter Storm,56.8,0.0,0.0,4.3,7210,17.0,98773.0,8139.0,1817504.0,1,90338,776,38,wood,11.9,56.6,36.2,1824714.0,8.88336291691676,14.412975239417664,14.41693436842024,0.2962841919132316,0,0.41987769333434316,0,0,0,0,0,0,0,0,0
2008,CO,08041,El Paso,3,2,Thunderstorm Wind,115.2,3.52,0.0,12.3,107469,32.0,34768.0,3625.0,1228576.0,1,69032,286,34,wood,17.4,70.9,54.3,1336045.0,11.584967017835199,14.021367147041861,14.105225063623715,0.5523614026983122,1,0.1821138091530355,0,0,0,0,0,0,0,0,0
2008,FL,12057,Hillsborough,2,2,Flash Flood,155.6,0.0,4.99,17.8,76630,192.0,9736.0,8852.0,3568896.0,1,64614,1396,38,masonry,16.4,52.1,46.2,3645526.0,11.246756973598734,15.087767142431305,15.109011494592636,0.6278070789955449,1,-0.3578323387323549,0,0,1,0,0,1,0,0,0
2008,GA,13089,Dekalb,2,2,Thunderstorm Wind,104.0,1.47,0.0,19.299999999999997,95663,114.0,28573.0,8782.0,4258470.0,1,66786,2684,46,wood,16.0,72.9,56.5,4354133.0,11.468597331120685,15.264420733630493,15.286636296600706,0.5140242402766037,1,0.04126040924357027,0,0,0,0,0,0,0,0,0
2008,IL,17031,Cook,1,1,Winter Storm,67.9,0.0,0.0,10.1,86917,38.0,22336.0,21263.0,1656762.0,1,70555,6046,58,wood,15.7,56.5,59.0,1743679.0,11.37272042444158,14.32037625660748,14.37150838037687,0.3663996483449454,0,-0.6930162393967922,0,0,0,0,0,0,0,0,1
2008,IN,18097,Marion,1,1,Hail,61.2,1.22,0.0,5.4,25048,56.0,102476.0,1727.0,5835368.0,1,59542,2433,52,wood,11.4,53.0,58.0,5860416.0,10.1285891855565,15.579448060777837,15.583731319430969,0.378181254381806,0,-0.5527702507655944,0,0,0,0,0,0,0,0,0
2008,IA,19153,Polk,1,1,Tornado,83.4,2.42,0.0,9.7,25184,6.0,86819.0,9557.0,578256.0,1,74921,555,44,wood,8.3,54.9,40.8,603440.0,10.134003858179751,13.26777368551112,13.310403551691723,0.4464753383902409,0,0.22917859743515603,0,0,0,0,0,0,0,0,0
2008,KS,20173,Sedgwick,1,1,Tornado,44.1,2.85,0.0,7.8,5959,35.0,35042.0,18206.0,1863680.0,1,64379,557,46,wood,9.4,64.6,55.1,1869639.0,8.692825760059396,14.438064122242952,14.441256456928707,0.4153488899424292,0,0.12564995423953568,0,0,0,0,0,0,0,0,0
2008,LA,22033,East Baton Rouge,2,2,Flash Flood,83.0,0.0,3.79,17.8,371242,30.0,42246.0,7950.0,1505880.0,1,57427,568,44,wood,18.0,61.3,52.3,1877122.0,12.824612113702429,14.224888666955671,14.445250843522867,0.5476141126023091,1,-0.42214242984225053,0,0,1,0,1,0,0,0,0
2008,MI,26081,Kent,1,1,Winter Storm,123.8,0.0,0.0,6.1,80703,41.0,32957.0,8175.0,1686412.0,1,69973,666,48,wood,9.6,64.0,55.6,1767115.0,11.298543419324591,14.33811434602812,14.384859397138044,0.38600159601181944,0,0.10365882943337397,0,0,0,0,0,0,0,0,0
2008,MN,27053,Hennepin,2,2,Thunderstorm Wind,91.9,0.83,0.0,9.4,95465,34.0,46910.0,14534.0,2089096.0,1,81545,1939,52,wood,8.2,66.3,61.5,2184561.0,11.46652544213591,14.552242473161026,14.5969259087516,0.41636559858371397,0,0.1960085458722251,0,0,0,0,0,0,0,0,0
2008,MS,28049,Hinds,1,1,Thunderstorm Wind,97.5,0.0,0.0,11.0,29092,6.0,12474.0,9348.0,130932.0,1,44510,296,52,wood,5.3,55.1,63.4,160024.0,10.278252874394655,11.78244102096625,11.983085332010203,0.3594531935888982,0,-0.3857500739151399,0,0,0,0,0,0,0,0,0
2008,MO,29095,Jackson,1,1,Hail,98.6,0.26,0.0,6.4,40118,9.0,55599.0,10605.0,595836.0,1,61141,1542,50,wood,10.8,58.8,60.1,635954.0,10.599605316540906,13.297722418709409,13.362883085102045,0.36098656319923306,0,-0.31529987836454193,0,0,0,0,0,0,0,0,0
2008,NE,31055,Douglas,1,1,Tornado,71.1,1.12,0.0,9.5,139727,14.0,25159.0,6654.0,445382.0,1,74756,1502,44,wood,10.5,63.3,40.7,585109.0,11.847452954653514,13.006689865138059,13.279555142725815,0.4028404607348303,0,0.3803183710905532,0,0,0,0,0,0,0,0,0
2008,NV,32003,Clark,1,1,Flash Flood,36.4,0.0,0.0,1.9,6016,3.0,60581.0,13564.0,222435.0,1,65026,506,34,masonry,17.4,57.6,34.7,228451.0,8.702344075220351,12.312394698762546,12.339081401604004,0.24596694217899454,0,0.018345009718768956,0,0,0,0,0,0,0,0,0
2008,NJ,34013,Essex,2,2,Thunderstorm Wind,93.9,0.0,0.0,6.300000000000001,34172,12.0,16888.0,4744.0,259584.0,1,68633,6252,64,masonry,17.8,61.5,81.6,293756.0,10.439191137568022,12.466839480940825,12.590508173943816,0.3374647984412327,0,-1.1194902467248073,0,0,0,0,0,0,0,0,1
2008,NY,36029,Erie,2,2,Thunderstorm Wind,47.2,0.0,0.0,9.0,207935,10.0,87639.0,17450.0,1050890.0,1,66664,730,61,wood,12.3,63.6,70.4,1258825.0,12.244985619028773,13.865148933729092,14.045690098550761,0.3500913976898568,0,-0.5522073455846546,0,0,0,0,0,0,0,0,0
2008,NC,37119,Mecklenburg,1,1,Hail,68.6,1.15,0.0,5.9,10936,35.0,62572.0,21891.0,2956205.0,1,71890,1067,34,wood,16.5,65.1,34.0,2967141.0,9.299906815335225,14.899417247390685,14.90310975791875,0.36847118769865106,0,0.3809319482974499,0,0,0,0,0,0,0,0,0
2008,OH,39049,Franklin,1,1,Tornado,39.0,1.71,0.0,1.7,45798,8.0,8101.0,21028.0,233032.0,1,71653,1571,42,wood,11.2,62.6,48.7,278830.0,10.732017535802774,12.358935353420415,12.538361142505055,0.3372157652244246,0,0.20708076844420203,0,0,0,0,0,0,0,0,0
2008,OK,40109,Oklahoma,1,1,Hail,123.5,2.13,0.0,1.4,258235,66.0,35635.0,8197.0,2892912.0,1,61824,854,42,wood,16.9,64.1,47.8,3151147.0,12.461629174476595,14.877774510917074,14.963277388852514,0.4596692458802822,0,-0.12693663668767036,0,0,0,0,1,0,0,0,0
2008,OK,40143,Tulsa,1,1,Thunderstorm Wind,72.4,0.0,0.0,5.9,4510,25.0,12603.0,23596.0,904975.0,1,64950,960,46,wood,14.1,63.9,57.0,909485.0,8.414274137408396,13.715663702993403,13.720634883748723,0.3060178560481415,0,-0.16993906015961696,0,0,0,0,0,0,0,0,0
2008,OR,41051,Multnomah,2,2,Flash Flood,74.9,0.0,0.0,16.3,94674,82.0,45087.0,3137.0,3954368.0,1,77579,1717,48,wood,13.8,64.8,63.9,4049042.0,11.458205252769996,15.190331601575354,15.213991114864058,0.416259761422716,0,-0.148566989344285,0,0,0,0,0,0,0,0,0
2008,PA,42101,Philadelphia,1,1,Thunderstorm Wind,62.7,0.0,0.0,11.0,12708,31.0,47305.0,14871.0,1927456.0,1,54295,12200,66,masonry,14.1,54.1,77.3,1940164.0,9.450065682882071,14.471712075480767,14.478283578969226,0.3465923949005149,0,-1.2662781656353428,0,0,0,0,0,0,0,0,1
2008,SC,45045,Greenville,1,1,Thunderstorm Wind,92.1,0.0,0.0,10.9,160972,40.0,43333.0,9796.0,2125160.0,1,63986,506,36,wood,7.5,59.8,47.3,2286132.0,11.988991928039717,14.569358122176537,14.64237230187196,0.3991365105612148,0,0.3754538371242008,0,0,0,0,0,0,0,0,0
2008,TN,47157,Shelby,2,1,Hail,86.7,1.06,0.0,11.1,595431,18.0,49452.0,21190.0,1271556.0,1,61098,1403,46,wood,14.6,58.3,48.2,1866987.0,13.297042471500838,14.055752691781718,14.43983699507953,0.44791671797074323,0,-0.2775568529464122,0,0,0,0,1,0,0,0,0
2008,TX,48113,Dallas,1,1,Thunderstorm Wind,91.9,0.0,0.0,2.3,161271,59.0,16793.0,4863.0,1277704.0,1,68978,3037,40,wood,10.4,66.3,45.8,1438975.0,11.99084765946026,14.060576057853435,14.179442307481638,0.3449139608267593,0,0.4239675851492093,0,0,0,0,0,0,0,0,0
2008,TX,48201,Harris,1,1,Thunderstorm Wind,112.9,0.0,0.0,4.8,146790,65.0,39632.0,9146.0,3170570.0,1,67026,2856,38,wood,7.9,72.8,49.8,3317360.0,11.896765085381238,14.969422255815656,15.014680145290365,0.38255971632247004,0,0.7222792132601953,0,0,0,0,0,0,0,0,0
2008,TX,48439,Tarrant,2,1,Thunderstorm Wind,123.0,0.0,0.0,5.699999999999999,52484,21.0,45987.0,13462.0,1248429.0,1,73883,2328,36,wood,8.7,56.8,38.7,1300913.0,10.868282693469897,14.037397319849399,14.078577652312049,0.3754285069032058,0,0.44031633051424945,0,0,0,0,0,0,0,0,0
2008,UT,49035,Salt Lake,2,2,Thunderstorm Wind,56.4,0.0,0.0,10.200000000000001,34053,37.0,31076.0,13465.0,1648017.0,1,79585,1448,38,masonry,10.0,53.7,40.2,1682070.0,10.43570277898059,14.315083911722002,14.335536330276938,0.34713898014710737,0,0.2658955762613745,0,0,0,0,0,0,0,0,0
2008,VA,51059,Fairfax,1,1,Winter Storm,41.3,0.0,0.0,11.2,19914,14.0,69500.0,10253.0,1116542.0,1,146805,2893,44,wood,12.7,67.8,58.8,1136456.0,9.899228495615745,13.925747862731662,13.943426086099212,0.331529730300447,0,0.8113260665747927,0,0,0,0,0,0,0,1,0
2008,WA,53033,King,1,1,Flash Flood,60.5,0.0,0.16,10.7,15170,32.0,17202.0,6075.0,744864.0,1,111686,976,42,wood,16.6,53.4,46.9,760034.0,9.627140989748092,13.520958272887842,13.541119763833702,0.34141943173607453,0,0.03178686159765998,0,0,1,0,0,0,0,0,0
2008,WI,55079,Milwaukee,1,1,Thunderstorm Wind,62.3,0.0,0.0,3.6,11170,4.0,141662.0,10143.0,607220.0,1,50752,6540,60,wood,10.0,64.8,69.1,618390.0,9.321076413570848,13.316648089445748,13.33487622246251,0.2919108125014332,0,-0.5033811791303446,0,0,0,0,0,0,0,0,1
2009,AL,01097,Mobile,2,2,Hurricane (Typhoon),90.8,0.0,2.56,14.0,99256,159.0,63076.0,6020.0,10986264.0,1,54440,472,49,wood,14.5,55.7,57.5,11085520.0,11.505467725029641,16.212156414203104,16.221150400379123,0.4985938976308288,1,-0.6157509698481457,0,0,1,0,0,1,1,0,0
2009,AZ,04013,Maricopa,3,1,Flash Flood,44.6,0.0,1.37,16.7,12720,14.0,17469.0,9564.0,378462.0,1,73973,529,29,masonry,15.4,53.8,37.7,391182.0,9.45100945015621,12.843873592788116,12.87693076016584,0.390493124808472,0,0.13557087620368008,0,0,1,0,0,0,0,0,0
2009,AR,05119,Pulaski,1,1,Hail,83.2,0.99,0.0,6.4,205041,19.0,78438.0,6314.0,1610288.0,1,60430,411,43,wood,8.2,57.5,56.9,1815329.0,12.230970115184684,14.291924223957482,14.411777827335984,0.40509756608796854,0,-0.045752877588403004,0,0,0,0,0,0,0,0,0
2009,CA,06037,Los Angeles,2,1,Thunderstorm Wind,52.0,0.0,0.0,11.5,15280,0.0,0.0,0.0,0.0,0,88453,2520,52,wood,14.6,67.4,60.3,15280.0,9.634365505605258,0.0,9.634365505605258,0.2155249215587894,0,-0.025452849011153765,0,0,0,0,0,0,0,0,0
2009,CO,08041,El Paso,2,2,Hail,71.1,2.74,0.0,12.8,42535,3.0,114792.0,4591.0,358149.0,1,71414,287,35,wood,10.2,62.5,42.1,400684.0,10.658106055184174,12.788707172042598,12.900930861433904,0.469089719265104,0,0.4861430505034067,0,0,0,0,0,0,0,0,0
2009,FL,12095,Orange,2,2,Flash Flood,136.1,0.0,1.77,15.100000000000001,136571,106.0,83398.0,11350.0,10043288.0,1,66639,1376,35,masonry,14.0,66.2,46.7,10179859.0,11.82460722706989,16.122415208223522,16.13592181653629,0.5202552159205768,1,0.2872183968450971,0,0,1,0,0,0,1,0,0
2009,GA,13089,Dekalb,1,1,Tornado,72.7,1.29,0.0,9.5,127447,20.0,87871.0,9080.0,1939020.0,1,67494,2682,47,wood,15.4,71.0,49.2,2066467.0,11.75546371725273,14.47769376449105,14.541351427694261,0.4226085985102482,0,0.11165125832662282,0,0,0,0,0,0,0,0,0
2009,IL,17031,Cook,3,2,Flash Flood,66.9,0.0,1.52,11.8,443343,35.0,13321.0,20569.0,1186150.0,1,77645,5936,59,wood,9.9,63.4,66.7,1629493.0,13.002101271390762,13.986224169153848,14.303780095141898,0.43512836117522635,0,-0.23371927002816886,0,0,1,0,1,0,0,0,1
2009,IN,18097,Marion,1,1,Thunderstorm Wind,54.2,0.0,0.0,9.4,18036,151.0,12324.0,4854.0,2593878.0,1,66210,2423,53,wood,6.0,55.0,58.5,2611914.0,9.8001804826702,14.768664996664164,14.77559422673563,0.33745266732087625,0,-0.16543604643173804,0,0,0,0,0,1,0,0,0
2009,IA,19153,Polk,1,1,Tornado,111.2,1.51,0.0,8.5,9413,33.0,22028.0,9577.0,1042965.0,1,70998,555,45,wood,7.5,64.8,63.2,1052378.0,9.149953221961088,13.857579135177366,13.866563873559217,0.4195667623552719,0,0.19079301815247374,0,0,0,0,0,0,0,0,0
2009,KS,20173,Sedgwick,1,1,Tornado,71.8,3.34,0.0,4.4,17395,21.0,68893.0,4478.0,1540791.0,1,67226,542,47,wood,12.5,57.9,56.7,1558186.0,9.76399557371753,14.247807127904522,14.259033523884266,0.44701396166337,0,-0.26905310285166856,0,0,0,0,0,0,0,0,0
2009,LA,22071,Orleans,1,1,Flash Flood,106.0,0.0,3.93,3.7,27419,206.0,15947.0,22158.0,7849630.0,1,50297,2104,59,wood,16.3,71.6,65.2,7877049.0,10.219027953116305,15.875977082284331,15.879464026259578,0.472534670752391,1,-0.5473045755835464,0,0,1,0,0,1,0,0,0
2009,MI,26081,Kent,2,1,Winter Storm,81.0,0.0,0.0,9.8,42208,13.0,29473.0,10743.0,522808.0,1,72110,682,49,wood,8.5,68.8,49.6,565016.0,10.650388747427439,13.166971475580201,13.244611098171504,0.35627173270008533,0,0.4081117944253306,0,0,0,0,0,0,0,0,0
2009,MN,27003,Anoka,1,1,Thunderstorm Wind,72.6,0.0,0.0,11.1,86043,19.0,27999.0,8060.0,685121.0,1,81070,743,45,wood,12.8,73.1,52.8,771164.0,11.36261407230569,13.43735220357583,13.55565763743117,0.3678990871522841,0,0.42748918942722547,0,0,0,0,0,0,0,0,0
2009,MN,27053,Hennepin,1,1,Hail,84.5,1.09,0.0,2.3,113928,142.0,33717.0,10945.0,6342004.0,1,86644,1961,53,wood,13.2,64.2,60.0,6455932.0,11.643330726334234,15.662705522474948,15.680510110935073,0.3916351103812086,0,-0.08438910468187086,0,0,0,0,0,1,0,0,0
2009,MS,28049,Hinds,1,1,Hail,88.8,2.46,0.0,0.5,50418,34.0,68968.0,10549.0,2703578.0,1,45663,302,53,wood,14.5,61.5,69.0,2753996.0,10.828123367145782,14.810087008756954,14.828563868945524,0.420831955259018,0,-0.7633937856568422,0,0,0,0,0,0,0,0,0
2009,MO,29095,Jackson,1,1,Hail,59.3,2.11,0.0,11.1,54089,22.0,48568.0,6802.0,1218140.0,1,62966,1562,51,wood,13.3,60.9,58.0,1272229.0,10.898404604865473,14.012836484098695,14.056281824146733,0.4392506174902057,0,-0.3506050317142447,0,0,0,0,0,0,0,0,0
2009,NE,31055,Douglas,2,2,Hail,76.5,2.69,0.0,17.4,169536,56.0,15370.0,20071.0,1984696.0,1,74636,1500,45,wood,7.3,65.0,58.2,2154232.0,12.040826471066591,14.500976815615747,14.582945301693366,0.5290217842050403,1,0.3182698586776454,0,0,0,0,0,0,0,0,0
2009,NV,32003,Clark,1,1,Winter Storm,70.8,0.0,0.0,3.3,27693,3.0,31573.0,9070.0,121929.0,1,71729,494,35,masonry,13.5,59.0,38.1,149622.0,10.22897106221466,11.71120238855431,11.91587407602073,0.29312963334847125,0,0.2630088882741002,0,0,0,0,0,0,0,0,0
2009,NJ,34013,Essex,1,1,Flash Flood,51.3,0.0,1.55,3.8,18541,4.0,70646.0,15101.0,342988.0,1,76086,6324,65,masonry,10.5,59.1,75.7,361529.0,9.827793708166928,12.74545365566298,12.798100304689548,0.32997956303958126,0,-0.6667578929974838,0,0,1,0,0,0,0,0,1
2009,NY,36059,Nassau,1,1,Winter Storm,91.4,0.0,0.0,9.4,27968,54.0,12201.0,13840.0,1406214.0,1,124515,4990,65,masonry,13.1,64.1,73.8,1434182.0,10.238852032964804,14.156412255736244,14.176105907062356,0.3659982424215948,0,-0.15939070371751463,0,0,0,0,0,0,0,1,0
2009,NY,36103,Suffolk,1,1,Winter Storm,89.1,0.0,0.0,9.4,223055,9.0,34905.0,7911.0,385344.0,1,109331,1675,57,wood,13.0,66.7,58.9,608399.0,12.315178139992868,12.861894315904626,13.318587839367275,0.3768643573665765,0,0.16207034970785453,0,0,0,0,0,0,0,0,0
2009,NC,37119,Mecklenburg,1,1,Thunderstorm Wind,104.9,0.0,0.0,8.1,46194,3.0,100180.0,9481.0,328983.0,1,73636,1099,35,wood,11.8,73.4,40.3,375177.0,10.740626846104846,12.70376439634608,12.83515585900063,0.3619686322729136,0,0.7973518655015474,0,0,0,0,0,0,0,0,0
2009,OH,39049,Franklin,2,2,Thunderstorm Wind,121.0,1.65,0.0,13.7,116442,5.0,86779.0,6525.0,466520.0,1,66265,1547,43,wood,16.0,56.8,47.0,582962.0,11.665157161869814,13.053058314333512,13.275878998481602,0.48466577689745344,1,-0.2766819170676702,0,0,0,0,0,0,0,0,0
2009,OK,40109,Oklahoma,1,1,Hail,97.6,2.14,0.0,5.9,39728,42.0,182250.0,7049.0,7950558.0,1,64028,882,43,wood,9.4,56.7,44.1,7990286.0,10.589836678595073,15.888752798623978,15.893737236997229,0.45313089234542286,0,0.09382901778290982,0,0,0,0,0,0,0,0,0
2009,OR,41051,Multnomah,2,2,Thunderstorm Wind,49.9,0.0,0.0,15.2,14916,18.0,14410.0,6400.0,374580.0,1,79196,1724,49,wood,12.8,53.4,49.2,389496.0,9.61025678115393,12.833563346936963,12.872611442080993,0.3482750730907968,0,-0.23882353465085265,0,0,0,0,0,0,0,0,0
2009,PA,42101,Philadelphia,2,1,Thunderstorm Wind,73.3,0.0,0.0,13.2,115415,26.0,23716.0,8749.0,844090.0,1,54450,12337,67,masonry,7.0,53.8,74.2,959505.0,11.656298271625609,13.64601558767116,13.774173847667244,0.38580164040928994,0,-0.8686636337413471,0,0,0,0,0,0,0,0,1
2009,SC,45045,Greenville,1,1,Tornado,58.9,1.68,0.0,9.0,48670,13.0,43585.0,10760.0,706485.0,1,67354,518,37,wood,7.1,66.8,41.6,755155.0,10.792838649154332,13.468058664916041,13.534679629404225,0.4040892197697139,0,0.7199704876060814,0,0,0,0,0,0,0,0,0
2009,TN,47157,Shelby,2,2,Thunderstorm Wind,84.3,1.89,0.0,3.2,83897,25.0,159391.0,6266.0,4141425.0,1,60447,1397,47,wood,13.6,66.0,62.4,4225322.0,11.337357054268905,15.236550730938573,15.256606265555424,0.4204385857241828,0,-0.21977928622414425,0,0,0,0,0,0,0,0,0
2009,TX,48029,Bexar,1,1,Hail,81.1,2.01,0.0,11.6,13851,11.0,5517.0,9455.0,164692.0,1,64725,1111,35,masonry,17.4,66.3,32.2,178543.0,9.536184905522312,12.011838413744606,12.092590348425482,0.42169599246891054,0,0.31250826421107586,0,0,0,0,0,0,0,0,0
2009,TX,48141,El Paso,1,1,Thunderstorm Wind,79.9,0.0,0.0,0.9,2339,13.0,27265.0,4842.0,417391.0,1,55147,838,39,masonry,13.2,63.9,55.3,419730.0,7.757906208351747,12.941781107174192,12.947369308876581,0.26855611341156244,0,-0.057866595506221793,0,0,0,0,0,0,0,0,0
2009,UT,49035,Salt Lake,1,1,Thunderstorm Wind,57.9,0.0,0.0,0.8,26555,8.0,29797.0,20021.0,398544.0,1,80592,1441,39,masonry,17.1,71.6,41.6,425099.0,10.18701098983905,12.89557569430002,12.96007971434688,0.27867423154902504,0,0.42938535795753713,0,0,0,0,0,0,0,0,0
2009,VA,51059,Fairfax,1,1,Winter Storm,87.9,0.0,0.0,5.0,83020,34.0,63303.0,7117.0,2394280.0,1,145636,2939,45,wood,14.6,69.8,58.8,2477300.0,11.326848866824777,14.688593534987213,14.722680219054068,0.3552255568670992,0,0.7444757243191009,0,0,0,0,0,0,0,1,0
2009,WA,53033,King,1,1,Winter Storm,18.8,0.0,0.0,0.9,18009,59.0,54285.0,23145.0,4568370.0,1,108562,1006,43,wood,9.3,62.0,43.5,4586379.0,9.798682438170001,15.33466724418292,15.338601599848156,0.26594611205329066,0,0.6976663796311633,0,0,0,0,0,0,0,0,0
2009,WI,55079,Milwaukee,2,1,Thunderstorm Wind,122.5,0.0,0.0,21.8,17952,27.0,28916.0,18100.0,1269432.0,1,56418,6362,61,wood,10.2,61.0,69.5,1287384.0,9.795512510870829,14.054080902050398,14.068123587142376,0.45559469282028253,0,-0.6065906578197728,0,0,0,1,0,0,0,0,1
2010,AL,01073,Jefferson,1,1,Tornado,123.7,1.85,0.0,3.0,41217,139.0,63293.0,27335.0,12597292.0,1,62788,710,46,wood,7.9,57.4,57.2,12638509.0,10.626630333131454,16.348992507570173,16.352259059987787,0.44988212491151697,0,-0.07141222680379417,0,0,0,0,0,1,1,0,0
2010,AZ,04013,Maricopa,1,1,Flash Flood,61.1,0.0,0.0,2.1,12887,37.0,47926.0,5549.0,1978575.0,1,69928,538,30,masonry,5.7,60.2,36.5,1991462.0,9.464051924856811,14.497887952008954,14.504380102470662,0.2944178654310029,0,0.8165626980151648,0,0,0,0,0,0,0,0,0
2010,AR,05119,Pulaski,1,1,Thunderstorm Wind,136.0,0.0,0.0,4.2,40785,33.0,6864.0,10296.0,566280.0,1,59250,414,44,wood,10.7,56.4,54.7,607065.0,10.616094164252292,13.246845700417731,13.316392795597025,0.36695936201537993,0,-0.21001007929136656,0,0,0,0,0,0,0,0,0
2010,CA,06037,Los Angeles,2,2,Flash Flood,41.4,0.0,0.0,14.0,52718,23.0,9083.0,8800.0,411309.0,1,85650,2547,53,wood,11.4,53.6,70.0,464027.0,10.872731200862956,12.927102467076372,13.047700174215302,0.350227615502678,0,-0.48867626521485474,0,0,0,0,0,0,0,0,0
2010,CA,06073,San Diego,1,1,Thunderstorm Wind,13.3,0.0,0.0,3.3,2479,28.0,65951.0,7270.0,2050188.0,1,95647,786,40,wood,11.7,69.1,46.4,2052667.0,7.8160138391590275,14.533442541986833,14.534650968359808,0.24544938269391572,0,0.6867844559820644,0,0,0,0,0,0,0,0,0
2010,CO,08041,El Paso,1,1,Thunderstorm Wind,78.5,0.0,0.0,5.3,56879,22.0,28249.0,22156.0,1108910.0,1,71941,294,36,wood,10.6,52.5,36.5,1165789.0,10.948699064477122,13.91888901063239,13.968909526756145,0.33847969777767656,0,0.21732524422616878,0,0,0,0,0,0,0,0,0
2010,FL,12057,Hillsborough,1,1,Thunderstorm Wind,119.7,0.0,0.0,7.9,12622,25.0,167828.0,12144.0,4499300.0,1,64787,1436,40,masonry,15.7,63.7,44.6,4511922.0,9.443275825752862,15.319432609341742,15.322234006411575,0.3803485246306837,0,0.0381365611511157,0,0,0,0,0,0,0,0,0
2010,FL,12095,Orange,1,1,Flash Flood,113.1,0.0,2.94,5.4,26722,22.0,16033.0,19629.0,784564.0,1,66634,1352,36,masonry,11.5,60.1,37.2,811286.0,10.193279896797268,13.572884703044773,13.606377154589055,0.4387150922551312,0,0.3512977338997395,0,0,1,0,0,0,0,0,0
2010,GA,13089,Dekalb,1,1,Hail,107.0,0.93,0.0,11.4,280447,26.0,63370.0,9310.0,1889680.0,1,68890,2726,48,wood,15.2,61.4,68.2,2170127.0,12.544143603515083,14.451918589721577,14.590296709952142,0.4551133913467318,0,-0.4789218627623922,0,0,0,0,1,0,0,0,0
2010,IL,17167,Sangamon,1,1,Tornado,76.7,1.27,0.0,10.5,5575,10.0,19125.0,17335.0,364600.0,1,67854,303,52,wood,9.6,63.7,52.2,370175.0,8.62622695244036,12.806558883954699,12.821733847198272,0.3796528893650699,0,0.05107524521614172,0,0,0,0,0,0,0,0,0
2010,IN,18097,Marion,3,2,Tornado,78.9,1.59,0.0,23.4,85154,87.0,12530.0,9722.0,1935924.0,1,67952,2452,54,wood,14.2,64.8,62.5,2021078.0,11.352228404272937,14.476095806398838,14.519142085181405,0.514544896368013,1,-0.3515285781222565,0,0,0,1,0,0,0,0,0
2010,IA,19153,Polk,2,1,Thunderstorm Wind,105.3,0.0,0.0,13.8,148448,28.0,51676.0,7121.0,1646316.0,1,76724,566,46,wood,10.1,61.4,43.8,1794764.0,11.907996743894378,14.314051229768792,14.400384652113791,0.4229091668133558,0,0.2749102345239377,0,0,0,0,0,0,0,0,0
2010,KS,20091,Johnson,1,1,Hail,123.3,1.9,0.0,9.8,103468,60.0,54079.0,36202.0,5416860.0,1,91922,1057,38,wood,7.6,52.4,44.4,5520328.0,11.5470273299152,15.505027054351427,15.523948017926458,0.49395251506891924,1,0.40438563630259383,0,0,0,0,0,0,0,0,0
2010,LA,22033,East Baton Rouge,1,1,Flash Flood,84.7,0.0,3.82,4.5,17135,120.0,16524.0,6947.0,2816520.0,1,59752,570,46,wood,10.0,70.6,42.9,2833655.0,9.74893679268753,14.851012993351599,14.857078308661274,0.44295224085653967,0,0.4273550037373294,0,0,1,0,0,0,0,0,0
2010,MI,26081,Kent,1,1,Flash Flood,36.7,0.0,0.17,2.3,2093,4.0,21091.0,16845.0,151744.0,1,69896,689,50,wood,6.2,62.2,55.5,153837.0,7.646831391430482,11.929956759449757,11.943655379658132,0.23778113946511129,0,0.1902592644502092,0,0,1,0,0,0,0,0,0
2010,MN,27003,Anoka,2,1,Thunderstorm Wind,81.3,0.0,0.0,18.0,13379,57.0,193569.0,9840.0,11594313.0,1,88691,753,46,wood,17.8,73.5,57.9,11607692.0,9.50151633368222,16.26602536348903,16.267178625918685,0.4178341515135862,0,0.1501683175803568,0,0,0,0,0,0,1,0,0
2010,MS,28049,Hinds,1,1,Tornado,90.8,0.82,0.0,12.0,95749,28.0,228274.0,6571.0,6575660.0,1,46226,301,54,wood,13.2,56.0,62.1,6671409.0,11.469495907042893,15.698885663294458,15.713341789854027,0.4402772135536635,0,-0.7781539661167814,0,0,0,0,0,0,0,0,0
2010,MO,29095,Jackson,1,1,Thunderstorm Wind,75.6,0.0,0.0,11.5,29591,24.0,91861.0,20351.0,2693088.0,1,65525,1605,52,wood,10.2,56.6,58.3,2722679.0,10.29525933351229,14.806199419892275,14.817127247306185,0.3722413845661204,0,-0.3222414742111498,0,0,0,0,0,0,0,0,0
2010,NE,31055,Douglas,1,1,Thunderstorm Wind,101.1,0.0,0.0,1.0,87680,9.0,12695.0,7854.0,184941.0,1,79231,1498,46,wood,16.4,62.1,50.3,272621.0,11.381460507226294,12.127797541391313,12.515841499316837,0.3204209783150272,0,-0.1127862520692299,0,0,0,0,0,0,0,0,0
2010,NV,32003,Clark,1,1,Thunderstorm Wind,56.3,0.0,0.0,0.7,89744,3.0,36908.0,6924.0,131496.0,1,69286,514,36,masonry,8.7,65.1,40.2,221240.0,11.404727594492241,11.786739316651508,12.307007884076704,0.2811881426630902,0,0.6389612445655259,0,0,0,0,0,0,0,0,0
2010,NJ,34013,Essex,1,1,Winter Storm,84.3,0.0,0.0,10.3,265741,37.0,10615.0,15891.0,980722.0,1,75637,6513,66,masonry,16.6,71.2,79.3,1246463.0,12.490281192270361,13.796045333741276,14.035821300662263,0.3886097511447549,0,-0.6824672901081831,0,0,0,0,1,0,0,0,1
2010,NY,36059,Nassau,2,1,Winter Storm,72.4,0.0,0.0,12.1,35805,74.0,20947.0,13011.0,2512892.0,1,124373,5020,66,masonry,7.3,65.4,81.3,2548697.0,10.485870756111218,14.73694523702791,14.751093198504755,0.3748178702694196,0,0.055999813380350316,0,0,0,0,0,0,0,1,0
2010,NY,36103,Suffolk,1,1,Flash Flood,36.0,0.0,0.0,0.6,20537,50.0,177212.0,22602.0,9990700.0,1,115712,1694,58,wood,17.7,53.8,70.8,10011237.0,9.93003210775824,16.117165318333097,16.119218819967795,0.285994672139056,0,-0.6389861490659895,0,0,0,0,0,0,1,1,0
2010,NC,37119,Mecklenburg,1,1,Hail,90.7,1.02,0.0,4.6,12647,13.0,9782.0,11737.0,279747.0,1,72044,1087,36,wood,16.0,68.7,40.9,292394.0,9.445254378889308,12.541644476908223,12.585860906848355,0.35393775874397093,0,0.38136799599158955,0,0,0,0,0,0,0,0,0
2010,OH,39035,Cuyahoga,1,1,Flash Flood,67.0,0.0,0.31,5.4,35551,93.0,33517.0,18928.0,4877385.0,1,62521,2964,62,wood,5.7,64.2,79.0,4912936.0,10.478751692439356,15.40011997857684,15.40738248794624,0.3466856831763287,0,-0.3711584452656229,0,0,1,0,0,0,0,0,0
2010,OH,39049,Franklin,2,1,Tornado,98.7,2.27,0.0,20.1,168431,15.0,21633.0,7968.0,444015.0,1,71433,1599,44,wood,17.5,64.0,49.9,612446.0,12.034287386491107,13.003615876801115,13.325217687044784,0.5322033876581248,1,-0.14069913344171564,0,0,0,0,0,0,0,0,0
2010,OK,40143,Tulsa,1,1,Thunderstorm Wind,133.5,0.0,0.0,4.8,153968,42.0,28886.0,13647.0,1786386.0,1,67385,968,48,wood,13.3,52.7,60.5,1940354.0,11.944506562431165,14.395705702276054,14.478381503989661,0.39403133048118705,0,-0.5525582680595748,0,0,0,0,0,0,0,0,0
2010,OR,41051,Multnomah,1,1,Flash Flood,38.6,0.0,0.26,3.0,49598,44.0,116387.0,26789.0,6299744.0,1,75436,1788,50,wood,10.7,65.6,59.1,6349342.0,10.811725951219454,15.656019714352102,15.663861900949117,0.3154910624450841,0,0.05713830668298746,0,0,1,0,0,0,0,0,0
2010,PA,42101,Philadelphia,1,1,Flash Flood,48.9,0.0,0.84,0.8,8756,42.0,18446.0,5145.0,990822.0,1,56931,12492,68,masonry,14.6,68.2,74.5,999578.0,9.077608659522225,13.806291189892708,13.815089469318893,0.29104535106210955,0,-0.8127692236261694,0,0,1,0,0,0,0,0,1
2010,SC,45045,Greenville,2,2,Hail,100.3,0.86,0.0,13.600000000000001,170658,10.0,38429.0,7315.0,457440.0,1,65495,523,38,wood,5.5,63.1,45.6,628098.0,12.047422692469517,13.033403193632799,13.350453076338036,0.44159608375565074,0,0.5897538661714824,0,0,0,0,0,0,0,0,0
2010,TN,47157,Shelby,1,1,Tornado,86.6,2.03,0.0,7.1,308378,8.0,3403.0,10069.0,107776.0,1,64665,1436,48,wood,11.7,60.1,60.4,416154.0,12.639084824967638,11.587819556622462,12.938813066000536,0.43303254746747794,0,-0.2555504139894365,0,0,0,0,1,0,0,0,0
2010,TX,48113,Dallas,2,2,Hail,113.6,2.98,0.0,6.8,222997,18.0,8435.0,7378.0,284634.0,1,75670,3047,42,wood,7.6,68.7,44.1,507631.0,12.314918081792172,12.558962936697036,13.13751205460049,0.49397525089325506,1,0.7009610415894428,0,0,0,0,0,0,0,0,0
2010,TX,48201,Harris,1,1,Thunderstorm Wind,123.1,0.0,0.0,7.6,20291,50.0,16894.0,8742.0,1281800.0,1,65727,2902,40,wood,10.0,65.0,40.4,1302091.0,9.91798199868658,14.063776678204869,14.079482759776589,0.3756746876715256,0,0.4552840136830653,0,0,0,0,0,0,0,0,0
2010,TX,48439,Tarrant,3,2,Tornado,104.6,2.66,0.0,18.0,373557,24.0,90644.0,5696.0,2312160.0,1,75753,2379,38,wood,5.3,61.5,42.8,2685717.0,12.830828559317043,14.653693143028084,14.803458661722631,0.5636307239534002,1,0.6887602942073237,0,0,0,0,1,0,0,0,0
2010,UT,49035,Salt Lake,2,2,Thunderstorm Wind,31.0,0.0,0.0,10.8,17580,17.0,9870.0,14077.0,407099.0,1,82654,1462,40,masonry,12.5,61.9,51.6,424679.0,9.774574052442789,12.91681413449107,12.95909122312751,0.3108762883144478,0,0.21272210274148723,0,0,0,0,0,0,0,0,0
2010,VA,51059,Fairfax,1,1,Winter Storm,69.5,0.0,0.0,4.0,10211,214.0,18201.0,3047.0,4547072.0,1,148851,2910,46,wood,9.0,60.5,49.2,4557283.0,9.231318778361375,15.32999428721973,15.332237390006977,0.31654117790182446,0,0.9030470136881619,0,0,0,0,0,1,0,1,0
2010,WA,53033,King,1,1,Flash Flood,30.5,0.0,0.11,5.8,56288,10.0,27100.0,3249.0,303490.0,1,110527,981,44,wood,11.4,53.9,45.1,359778.0,10.938254413155484,12.623107235005756,12.793245233036467,0.29572265541973886,0,0.30309287464656864,0,0,1,0,0,0,0,0,0
2010,WI,55079,Milwaukee,1,1,Winter Storm,33.4,0.0,0.0,5.8,13528,3.0,13108.0,10908.0,72048.0,1,57174,6547,62,wood,5.8,62.7,70.1,85576.0,9.51259080860336,11.18510172208083,11.357171834436997,0.2655737797675703,0,-0.33927186725787184,0,0,0,0,0,0,0,0,1
2011,AL,01097,Mobile,2,1,Thunderstorm Wind,133.6,0.0,0.0,9.7,50985,151.0,15478.0,2113.0,2656241.0,1,54919,475,50,wood,7.6,63.7,52.2,2707226.0,10.839306364217828,14.792422899885622,14.811435421748563,0.41305212045319234,0,0.07266284781012863,0,0,0,0,0,1,0,0,0
2011,AZ,04013,Maricopa,1,1,Thunderstorm Wind,0.0,0.0,0.0,6.9,4,65.0,10852.0,2524.0,869440.0,1,77872,536,30,masonry,8.2,55.5,34.4,869444.0,1.6094379124341003,13.675605755385082,13.675610356031703,0.17633181023129427,0,0.6406983709126342,0,0,0,0,0,0,0,0,0
2011,AR,05119,Pulaski,1,1,Thunderstorm Wind,126.6,0.0,0.0,6.0,53970,118.0,13098.0,5119.0,2149606.0,1,60330,412,44,wood,6.2,61.0,48.6,2203576.0,10.896202144253335,14.580795592697916,14.605592507060264,0.3850739628324187,0,0.2789444961766269,0,0,0,0,0,0,0,0,0
2011,CA,06037,Los Angeles,1,1,Flash Flood,49.8,0.0,0.0,2.9,32509,10.0,20941.0,7308.0,282490.0,1,91075,2504,53,wood,7.1,65.9,65.6,314999.0,10.389303013297951,12.551401970654064,12.66032791780777,0.28380716416675517,0,0.25048825071241343,0,0,0,0,0,0,0,0,0
2011,CA,06073,San Diego,1,1,Flash Flood,21.4,0.0,0.33,3.3,20657,13.0,24682.0,6701.0,407979.0,1,94865,788,40,wood,15.8,54.8,50.9,428636.0,9.935857932566579,12.918973432576955,12.968365685873763,0.2715636906244939,0,-0.06328555285203899,0,0,1,0,0,0,0,0,0
2011,CO,08031,Denver,1,1,Thunderstorm Wind,83.6,0.0,0.0,11.1,176521,17.0,17157.0,6094.0,395267.0,1,81783,4828,48,wood,8.6,56.2,51.5,571788.0,12.081200793480185,12.887319294831732,13.256525321189677,0.37991155883633,0,0.08175777218252546,0,0,0,0,0,0,0,0,0
2011,FL,12086,Miami-Dade,1,1,Flash Flood,145.2,0.0,2.53,9.0,38819,78.0,33181.0,10295.0,3391128.0,1,63475,1446,46,masonry,13.8,69.6,50.5,3429947.0,10.566690856723001,15.036673462259754,15.048055658677349,0.4898374768903022,1,0.11295621452949271,0,0,1,0,0,0,0,0,0
2011,GA,13089,Dekalb,1,1,Thunderstorm Wind,110.8,0.0,0.0,5.0,279899,9.0,33595.0,8964.0,383031.0,1,74911,2744,48,wood,6.1,62.9,65.0,662930.0,12.542187675503545,12.855873815586438,13.404426191353902,0.3709065836655039,0,0.1579674657297294,0,0,0,0,1,0,0,0,0
2011,IL,17031,Cook,2,2,Flash Flood,70.1,0.0,0.0,13.5,76211,47.0,31308.0,5357.0,1723255.0,1,79050,6097,60,wood,14.1,65.4,69.1,1799466.0,11.241274209590975,14.35972608253496,14.40300106790573,0.3865374432899711,0,-0.4350225468332032,0,0,0,0,0,0,0,0,1
2011,IN,18097,Marion,2,2,Thunderstorm Wind,109.0,2.02,0.0,13.6,64669,48.0,56344.0,34690.0,4369632.0,1,68830,2459,54,wood,13.2,62.3,66.5,4434301.0,11.077052694440638,15.290189581851749,15.304880776897647,0.502085740684041,1,-0.4308034489677584,0,0,0,0,0,0,0,0,0
2011,IA,19153,Polk,2,1,Tornado,90.0,3.08,0.0,9.8,83042,35.0,63593.0,19058.0,2892785.0,1,74102,556,46,wood,11.4,54.8,48.4,2975827.0,11.327113824914775,14.877730609566514,14.90603287756596,0.5058679264570253,1,-0.09956465094052772,0,0,0,0,0,0,0,0,0
2011,KS,20091,Johnson,2,2,Hail,105.3,3.52,0.0,12.2,704316,15.0,32415.0,6062.0,577155.0,1,91375,1042,38,wood,16.9,65.8,40.8,1281471.0,13.46498381788363,13.265867872899962,14.063519975152321,0.5592366179988925,1,0.3875587171018196,0,0,0,0,1,0,0,0,0
2011,KS,20173,Sedgwick,1,1,Thunderstorm Wind,81.4,0.0,0.0,4.4,75753,81.0,40474.0,29205.0,5643999.0,1,67715,561,48,wood,11.9,62.6,51.7,5719752.0,11.235246527257994,15.546103591954841,15.559436180605438,0.3532313589003116,0,-0.025135180927412525,0,0,0,0,0,0,0,0,0
2011,LA,22071,Orleans,1,1,Flash Flood,120.6,0.0,3.31,6.3,102368,196.0,13186.0,10064.0,4557000.0,1,52231,2170,60,wood,15.4,61.6,65.6,4659368.0,11.536339211379243,15.332175289688612,15.354390589208053,0.49148688722788986,1,-0.825142392530797,0,0,1,0,0,1,0,0,0
2011,MI,26081,Kent,1,1,Winter Storm,56.5,0.0,0.0,5.8,10691,26.0,99589.0,9326.0,2831790.0,1,71023,691,50,wood,15.3,61.1,59.3,2842481.0,9.277251077258809,14.856419931637406,14.860188172132952,0.3131859308571,0,-0.3755480752976341,0,0,0,0,0,0,0,0,0
2011,MN,27003,Anoka,1,1,Hail,85.8,1.17,0.0,9.1,9921,38.0,12571.0,7897.0,777784.0,1,92206,737,46,wood,13.6,67.1,47.2,787705.0,9.202509792860994,13.564205415354541,13.57688020277552,0.38812874647833273,0,0.36518089454649283,0,0,0,0,0,0,0,0,0
2011,MN,27053,Hennepin,1,1,Tornado,25.8,1.87,0.0,9.8,12125,55.0,27019.0,3040.0,1653245.0,1,90374,1979,54,wood,15.7,68.2,62.5,1665370.0,9.403107186631676,14.318251186057195,14.325558479398186,0.3817905687150171,0,-0.11113183966904276,0,0,0,0,0,0,0,0,0
2011,MS,28049,Hinds,1,1,Tornado,122.2,2.27,0.0,6.6,40462,13.0,23327.0,7558.0,401505.0,1,50995,309,54,wood,13.3,66.6,60.3,441967.0,10.608143255278941,12.902977756217442,12.998992760248914,0.4551535528711513,0,-0.37278959080814933,0,0,0,0,0,0,0,0,0
2011,MO,29095,Jackson,1,1,Hail,101.5,2.62,0.0,11.9,96524,62.0,26517.0,9288.0,2219910.0,1,65863,1587,52,wood,16.0,59.7,60.1,2316434.0,11.477557321132437,14.612977662954743,14.655539923872531,0.5084377339457468,1,-0.5556841271337036,0,0,0,0,0,0,0,0,0
2011,NE,31055,Douglas,3,2,Tornado,106.1,2.51,0.0,22.8,443513,17.0,44534.0,6691.0,870825.0,1,75815,1526,46,wood,17.5,68.9,51.2,1314338.0,13.002484647313587,13.677197465499004,14.088844435620352,0.5800171103359086,1,-0.00016956018058548184,0,0,0,1,1,0,0,0,0
2011,NV,32003,Clark,1,1,Thunderstorm Wind,25.5,0.0,0.0,7.4,2385,5.0,11045.0,7693.0,93690.0,1,73278,506,36,masonry,6.4,66.6,42.8,96075.0,7.777373602657861,11.447757412385977,11.472894823913874,0.25086534133285215,0,0.8071055674539966,0,0,0,0,0,0,0,0,0
2011,NJ,34013,Essex,1,1,Winter Storm,20.6,0.0,0.0,10.7,5185,12.0,33369.0,4122.0,449892.0,1,74067,6529,66,masonry,15.9,69.3,80.9,455077.0,8.55371796609861,13.016765055695107,13.028224111812317,0.28895304813048656,0,-0.7450888921868086,0,0,0,0,0,0,0,0,1
2011,NY,36029,Erie,2,2,Thunderstorm Wind,59.9,0.0,0.0,8.3,99569,152.0,25671.0,15681.0,6285504.0,1,67909,730,63,wood,12.4,67.5,65.0,6385073.0,11.50861619338213,15.65375674681837,15.66947363704489,0.36316167223163626,0,-0.37648077994715035,0,0,0,0,0,1,0,0,0
2011,NY,36059,Nassau,1,1,Flash Flood,52.3,0.0,0.0,0.5,50946,9.0,40954.0,12663.0,482553.0,1,124085,4882,66,masonry,9.7,54.7,76.3,533499.0,10.838541155661169,13.086848110597373,13.187214349723945,0.2818444500233992,0,-0.3395450588042631,0,0,0,0,0,0,0,1,0
2011,NY,36103,Suffolk,1,1,Flash Flood,59.4,0.0,1.87,6.6,82159,24.0,34912.0,18220.0,1275168.0,1,119393,1681,58,wood,12.8,72.3,64.5,1357327.0,11.31642384460244,14.058589276810427,14.121028619263582,0.3904837319924184,0,0.34238295547884573,0,0,1,0,0,0,0,1,0
2011,NC,37119,Mecklenburg,1,1,Tornado,89.4,0.21,0.0,9.4,43170,56.0,78954.0,7080.0,4817904.0,1,78548,1096,36,wood,11.7,71.7,40.5,4861074.0,10.672924252515658,15.387849744237359,15.396770164832658,0.38851300236218206,0,0.7730258633657927,0,0,0,0,0,0,0,0,0
2011,OH,39049,Franklin,1,1,Hail,56.4,0.07,0.0,9.2,40255,84.0,47682.0,3238.0,4277280.0,1,68811,1606,44,wood,6.2,73.2,44.1,4317535.0,10.603014340060112,15.268828085308067,15.278195427126866,0.35445358986771586,0,0.8168240865856482,0,0,0,0,0,0,0,0,0
2011,OK,40109,Oklahoma,2,1,Thunderstorm Wind,141.8,0.0,0.0,7.9,153246,33.0,184379.0,11228.0,6455031.0,1,62817,861,44,wood,7.0,73.3,50.9,6608277.0,11.939806277750405,15.680370539647958,15.703833663515942,0.42963833323492934,0,0.6174007007632497,0,0,0,0,0,0,0,0,0
2011,OK,40143,Tulsa,1,1,Hail,147.9,2.47,0.0,3.1,83199,68.0,10048.0,14590.0,1675384.0,1,68544,969,48,wood,8.3,57.6,60.3,1758583.0,11.3290026268093,14.331553547575936,14.380019497739397,0.4836550555170303,1,-0.11656273334517542,0,0,0,0,0,0,0,0,0
2011,OR,41051,Multnomah,1,1,Thunderstorm Wind,59.0,0.0,0.0,7.1,59381,17.0,10128.0,15705.0,439161.0,1,80380,1767,50,wood,12.8,72.3,66.5,498542.0,10.991746429124746,12.992623644487129,13.119445123440284,0.32605024716141445,0,0.09334675555633384,0,0,0,0,0,0,0,0,0
2011,PA,42101,Philadelphia,1,1,Thunderstorm Wind,63.5,0.0,0.0,7.7,90930,85.0,19505.0,15760.0,2997525.0,1,58401,12419,68,masonry,8.9,63.2,80.9,3088455.0,11.417856256130069,14.913297839741102,14.943181847618682,0.3549038166092679,0,-0.7530760425958333,0,0,0,0,0,0,0,0,1
2011,SC,45045,Greenville,2,1,Thunderstorm Wind,108.5,0.0,0.0,11.0,14684,141.0,96204.0,5839.0,14388063.0,1,66399,517,38,wood,14.6,54.0,49.4,14402747.0,9.59458184363272,16.481909531938996,16.482929579673197,0.40155561998290107,0,-0.23345133341743604,0,0,0,0,0,1,1,0,0
2011,TN,47037,Davidson,1,1,Tornado,106.4,1.1,0.0,2.4,81533,13.0,6420.0,3818.0,133094.0,1,66320,1344,43,wood,10.5,54.3,45.0,214627.0,11.308775390148552,11.798818437937548,12.276661575970461,0.3715942753710533,0,-0.033276836653496476,0,0,0,0,0,0,0,0,0
2011,TX,48029,Bexar,1,1,Thunderstorm Wind,104.7,0.0,0.0,8.2,83848,19.0,63789.0,7040.0,1345751.0,1,67621,1110,36,masonry,14.9,61.4,39.5,1429599.0,11.336772841121801,14.112463522582233,14.172905242827355,0.3817432108734103,0,0.18643460032720663,0,0,0,0,0,0,0,0,0
2011,TX,48141,El Paso,1,1,Flash Flood,37.4,0.0,0.0,3.3,20256,7.0,18333.0,3006.0,149373.0,1,54162,835,40,masonry,12.8,57.7,50.1,169629.0,9.916255691813806,11.914208507084835,12.041374873489769,0.26537971202314353,0,-0.1832760938884868,0,0,0,0,0,0,0,0,0
2011,TX,48439,Tarrant,1,1,Tornado,81.5,2.02,0.0,1.7,32081,21.0,23641.0,12777.0,764778.0,1,78167,2335,38,wood,11.7,68.7,55.3,796859.0,10.376050404176787,13.54734218218335,13.588434283622352,0.38860086665519084,0,0.41093385614383304,0,0,0,0,0,0,0,0,0
2011,UT,49035,Salt Lake,1,1,Flash Flood,50.8,0.0,0.0,0.7,100842,39.0,208251.0,8624.0,8458125.0,1,82519,1462,40,masonry,11.6,66.1,44.4,8558967.0,11.521320130958498,15.950638194042414,15.96249018010223,0.3150403688381174,0,0.5029318535345514,0,0,0,0,0,0,1,0,0
2011,VA,51059,Fairfax,1,1,Winter Storm,73.5,0.0,0.0,3.0,7245,24.0,33409.0,7832.0,989784.0,1,149378,2931,46,wood,17.4,65.1,48.9,997029.0,8.888204871455022,13.805243026808409,13.812536138762084,0.2964347059908558,0,0.6130976019837261,0,0,0,0,0,0,0,1,0
2011,WA,53033,King,1,1,Thunderstorm Wind,30.5,0.0,0.0,5.9,58433,22.0,109777.0,6147.0,2550328.0,1,107836,995,44,wood,16.6,59.6,48.4,2608761.0,10.975653191189254,14.751732928420138,14.774386337267137,0.3123626425022361,0,0.13307282777898716,0,0,0,0,0,0,0,0,0
2011,WI,55079,Milwaukee,1,1,Thunderstorm Wind,93.0,0.0,0.0,7.4,13804,10.0,27037.0,17979.0,450160.0,1,54644,6633,62,wood,17.1,59.4,68.1,463964.0,9.532786124364256,13.017360575537072,13.047564397328847,0.3374587666297486,0,-1.0383592930886643,0,0,0,0,0,0,0,0,1
2012,AL,01097,Mobile,2,2,Hurricane (Typhoon),120.3,0.0,2.4,20.200000000000003,460957,21.0,13102.0,10186.0,489048.0,1,60566,484,51,wood,13.5,53.3,62.5,950005.0,13.041062211537684,13.100217967935851,13.764223579346252,0.5429645671078884,1,-0.6949318577224056,0,0,1,0,1,0,0,0,0
2012,AZ,04013,Maricopa,2,1,Flash Flood,89.9,0.0,1.42,9.399999999999999,165151,51.0,58210.0,11405.0,3550365.0,1,73750,546,31,masonry,15.4,71.9,31.1,3715516.0,12.014621540948454,15.082561254728853,15.128028391996457,0.43448292236554376,0,0.774176186618994,0,0,1,0,0,0,0,0,0
2012,AR,05119,Pulaski,2,2,Thunderstorm Wind,110.6,0.28,0.0,22.799999999999997,93313,23.0,21244.0,14324.0,818064.0,1,62735,417,45,wood,12.8,62.2,55.4,911377.0,11.44372542916909,13.614697074530628,13.722713018832843,0.47824264212833595,1,-0.13296253093756719,0,0,0,1,0,0,0,0,0
2012,CA,06037,Los Angeles,1,1,Flash Flood,67.1,0.0,0.0,11.5,18719,3.0,47751.0,21230.0,206943.0,1,90737,2508,54,wood,17.9,73.9,64.7,225662.0,9.837347750031583,12.240203504246319,12.32679801494068,0.3376772860571348,0,-0.07619439874709251,0,0,0,0,0,0,0,0,0
2012,CO,08031,Denver,1,1,Thunderstorm Wind,108.1,0.0,0.0,7.4,10945,104.0,18697.0,33933.0,5473520.0,1,84340,4719,49,wood,17.9,64.7,65.9,5484465.0,9.300729371703863,15.515432660186969,15.517430290525406,0.36854182579115996,0,-0.35493765981019915,0,0,0,0,0,0,0,0,0
2012,FL,12095,Orange,1,1,Flash Flood,107.6,0.0,3.63,8.3,86292,431.0,22816.0,7276.0,12969652.0,1,72257,1369,37,masonry,15.5,56.7,37.7,13055944.0,11.36550376138312,16.378122801886928,16.384754143554602,0.5093997182196991,1,0.057033745830670356,0,0,1,0,0,1,1,0,0
2012,GA,13089,Dekalb,1,1,Tornado,78.9,1.28,0.0,5.7,59136,44.0,47235.0,9085.0,2478080.0,1,75665,2730,49,wood,8.3,55.1,51.1,2537216.0,10.987612065031541,14.722995028288327,14.746578369018975,0.39837654617199325,0,-0.007746155268030264,0,0,0,0,0,0,0,0,0
2012,IL,17031,Cook,2,2,Thunderstorm Wind,45.8,0.0,0.0,11.299999999999999,29790,29.0,9402.0,30636.0,1161102.0,1,75117,6136,61,wood,6.0,53.8,75.4,1190892.0,10.301961613455438,13.964880973368542,13.990214003831348,0.3406145318955798,0,-0.5265973998013223,0,0,0,0,0,0,0,0,1
2012,IN,18097,Marion,1,1,Hail,64.7,1.87,0.0,0.7,8357,22.0,13530.0,4261.0,391402.0,1,66591,2429,55,wood,16.9,72.4,62.1,399759.0,9.03097444300786,12.877492998707789,12.898619646018087,0.3424558494924969,0,-0.27789761914513117,0,0,0,0,0,0,0,0,0
2012,IA,19153,Polk,2,2,Hail,87.8,2.31,0.0,18.6,20626,12.0,15669.0,3581.0,231000.0,1,76053,550,47,wood,6.7,59.4,68.2,251626.0,9.934356176198595,12.35017731849889,12.435703111246323,0.4865243064873473,1,-0.004855496558556771,0,0,0,0,0,0,0,0,0
2012,KS,20091,Johnson,1,1,Hail,96.0,2.53,0.0,7.5,172581,2.0,11797.0,4890.0,33374.0,1,99454,1047,39,wood,14.5,69.6,46.6,205955.0,12.058627764823518,10.415562395702551,12.23541783272464,0.4449746782745004,0,0.6055557745868596,0,0,0,0,0,0,0,0,0
2012,KS,20173,Sedgwick,1,1,Tornado,49.9,2.07,0.0,10.6,551037,141.0,87446.0,11312.0,13924878.0,1,65499,566,49,wood,6.7,59.7,61.5,14475915.0,13.219559051274281,16.449187654332327,16.487996860941003,0.47595359281433813,1,-0.030246401861282624,0,0,0,0,1,1,1,0,0
2012,LA,22033,East Baton Rouge,1,1,Hurricane (Typhoon),121.8,0.0,2.97,7.3,95466,57.0,46262.0,10938.0,3260400.0,1,64587,563,47,wood,12.6,63.0,64.3,3355866.0,11.466535917014534,14.997360751913225,15.026220715271409,0.48463198986778716,1,-0.2522494599766105,0,0,1,0,0,0,0,0,0
2012,MI,26081,Kent,1,1,Thunderstorm Wind,45.1,0.0,0.0,11.9,46030,206.0,152501.0,23366.0,36228602.0,1,74715,684,51,wood,13.8,69.2,65.7,36274632.0,10.737070361537285,17.405359502922757,17.40662923952277,0.378957686801589,0,-0.11868252149403798,0,0,0,0,0,1,1,0,0
2012,MN,27053,Hennepin,1,1,Thunderstorm Wind,57.3,0.0,0.0,11.3,114110,32.0,47509.0,10426.0,1853920.0,1,84117,2049,55,wood,15.8,59.8,66.3,1968030.0,11.644926937864167,14.432813413628345,14.492544108502795,0.3692452599710336,0,-0.5201101635163928,0,0,0,0,0,0,0,0,0
2012,MS,28049,Hinds,1,1,Thunderstorm Wind,67.8,0.0,0.0,7.3,191123,10.0,23696.0,6455.0,301510.0,1,49696,307,55,wood,17.4,52.0,65.1,492633.0,12.160677711039781,12.616561778729283,13.107521783805172,0.3442684169592684,0,-1.1605770005716658,0,0,0,0,0,0,0,0,0
2012,MO,29095,Jackson,1,1,Hail,95.4,1.16,0.0,7.6,12147,18.0,46642.0,3385.0,900486.0,1,68062,1617,53,wood,7.6,73.3,62.2,912633.0,9.404919826165639,13.710691007069732,13.724090202972548,0.39017956281425964,0,0.2946760457184817,0,0,0,0,0,0,0,0,0
2012,NE,31055,Douglas,1,1,Tornado,103.4,2.95,0.0,2.2,25006,35.0,42686.0,2633.0,1586165.0,1,81029,1527,47,wood,6.2,59.5,50.3,1611171.0,10.126911064657653,14.276830341525823,14.29247242244389,0.4481593519261635,0,0.3444308066943721,0,0,0,0,0,0,0,0,0
2012,NV,32003,Clark,2,2,Flash Flood,66.4,0.0,1.19,9.7,19781,66.0,23861.0,3596.0,1812162.0,1,73340,513,37,masonry,14.5,56.7,44.4,1831943.0,9.892527712299787,14.410031717389167,14.420888256063423,0.38080769737725545,0,0.018358202196594054,0,0,1,0,0,0,0,0,0
2012,NJ,34013,Essex,1,1,Flash Flood,49.9,0.0,1.77,7.7,74588,6.0,26109.0,13803.0,239472.0,1,74584,6461,67,masonry,14.4,64.8,76.8,314060.0,11.219748322236468,12.386195954613754,12.657342513538824,0.3706891235541614,0,-0.7603828257591113,0,0,1,0,0,0,0,0,1
2012,NY,36059,Nassau,1,1,Thunderstorm Wind,73.0,0.0,0.0,4.6,43671,63.0,50747.0,11933.0,3948840.0,1,128951,5068,67,masonry,6.3,54.9,79.4,3992511.0,10.684462443461593,15.188932676100384,15.199931164702354,0.33832518736364364,0,-0.17250679089239074,0,0,0,0,0,0,0,1,0
2012,NY,36103,Suffolk,2,2,Thunderstorm Wind,89.0,0.0,0.0,21.9,253876,96.0,24600.0,26617.0,4916832.0,1,118374,1709,59,wood,8.6,68.0,68.8,5170708.0,12.44460517674432,15.40817518201823,15.458520374412902,0.4728593641686987,1,0.33451362712985155,0,0,0,1,1,0,0,1,0
2012,NC,37119,Mecklenburg,1,1,Tornado,108.3,0.54,0.0,11.8,41472,29.0,62548.0,12601.0,2179321.0,1,75345,1106,37,wood,15.0,66.1,31.7,2220793.0,10.632797892075562,14.594524377217576,14.613375347561867,0.4223686439764822,0,0.5040741581524757,0,0,0,0,0,0,0,0,0
2012,OH,39035,Cuyahoga,1,1,Flash Flood,42.9,0.0,1.12,10.6,2187,20.0,23169.0,12561.0,714600.0,1,60549,2940,63,wood,14.3,59.0,75.9,716787.0,7.690743163541872,13.479479623954738,13.482535399431296,0.33199570549645135,0,-0.9841102624237648,0,0,1,0,0,0,0,0,0
2012,OH,39049,Franklin,1,1,Tornado,53.2,2.15,0.0,9.3,6967,25.0,19931.0,10609.0,763500.0,1,76111,1584,45,wood,6.1,55.3,57.4,770467.0,8.849083518532339,13.545669713397661,13.554753401406783,0.3977976003501486,0,0.09858271950296471,0,0,0,0,0,0,0,0,0
2012,OK,40109,Oklahoma,2,2,Hail,137.4,4.0,0.0,20.1,217953,93.0,50481.0,8287.0,5465424.0,1,65417,889,45,wood,7.0,54.6,44.5,5683377.0,12.292039310331345,15.51395244418111,15.553056332232343,0.6545977596852817,1,0.12394731789983067,0,1,0,0,0,0,0,0,0
2012,OK,40143,Tulsa,2,2,Thunderstorm Wind,106.2,2.09,0.0,7.9,286938,64.0,120697.0,16601.0,8787072.0,1,68105,982,49,wood,9.5,63.5,63.0,9074010.0,12.567024928597169,15.988792222170796,16.020924951460106,0.4932102383643752,1,-0.055992718599912616,0,0,0,0,1,0,1,0,0
2012,OR,41051,Multnomah,2,1,Flash Flood,46.9,0.0,0.33,20.7,6372,26.0,31046.0,8455.0,1027026.0,1,77345,1754,51,wood,14.6,71.2,60.4,1033398.0,8.759825595314295,13.842178778730645,13.848363927155248,0.38620780426458684,0,0.00816226071845082,0,0,1,1,0,0,0,0,0
2012,PA,42101,Philadelphia,1,1,Winter Storm,51.0,0.0,0.0,4.2,45564,7.0,55896.0,8694.0,452130.0,1,55370,12483,69,masonry,15.1,72.1,73.5,497694.0,10.726895156930228,13.021727239832643,13.117742718583605,0.3003038053967692,0,-0.7330782466316025,0,0,0,0,0,0,0,0,1
2012,SC,45045,Greenville,1,1,Tornado,74.5,0.61,0.0,11.0,60834,17.0,9779.0,11637.0,364072.0,1,66699,524,39,wood,6.1,69.4,36.4,424906.0,11.015920560221549,12.805109675962074,12.95962560043178,0.38289142424847117,0,0.8916785671105577,0,0,0,0,0,0,0,0,0
2012,TN,47157,Shelby,1,1,Tornado,122.9,0.94,0.0,9.0,51123,22.0,69071.0,28589.0,2148520.0,1,62966,1450,49,wood,5.6,55.6,57.0,2199643.0,10.842009333251605,14.580290256410532,14.603806087052751,0.4353901548865282,0,-0.05802152581849621,0,0,0,0,0,0,0,0,0
2012,TX,48113,Dallas,1,1,Tornado,96.6,4.29,0.0,11.0,13355,7.0,9492.0,2844.0,86352.0,1,75320,3024,43,wood,13.5,70.5,49.9,99707.0,9.499721001063545,11.36619882529906,11.510001193452982,0.5127166118020314,1,0.3346207353247744,0,1,0,0,0,0,0,0,0
2012,TX,48201,Harris,1,1,Thunderstorm Wind,119.2,0.0,0.0,2.8,58735,138.0,67873.0,11601.0,10967412.0,1,72968,2842,41,wood,15.8,68.4,46.4,11026147.0,10.980808105736616,16.21043897946312,16.215780100860474,0.3762488764994209,0,0.2139041299468695,0,0,0,0,0,1,1,0,0
2012,UT,49035,Salt Lake,1,1,Winter Storm,43.7,0.0,0.0,1.1,17585,15.0,29923.0,11529.0,621780.0,1,83822,1470,41,masonry,14.1,72.4,55.1,639365.0,9.774858409938947,13.340343219690913,13.368232339342622,0.2685334819150834,0,0.40181701372051515,0,0,0,0,0,0,0,0,0
2012,VA,51059,Fairfax,2,1,Thunderstorm Wind,37.4,0.0,0.0,14.5,30634,49.0,73748.0,8047.0,4007955.0,1,145018,2952,47,wood,15.7,56.8,53.0,4038589.0,10.329898425159755,15.203791943642667,15.211406179118212,0.3638149637053886,0,0.3162760947056658,0,0,0,0,0,0,0,1,0
2012,WA,53033,King,1,1,Thunderstorm Wind,39.1,0.0,0.0,4.3,129506,14.0,21905.0,31670.0,750050.0,1,116451,995,45,wood,6.2,53.6,61.3,879556.0,11.771490212714916,13.527896483200598,13.687173650610584,0.30823192057502885,0,0.3603107451123187,0,0,0,0,0,0,0,1,0
2012,WI,55079,Milwaukee,3,2,Thunderstorm Wind,89.0,0.0,0.0,9.5,56405,35.0,133255.0,14624.0,5175765.0,1,58529,6567,63,wood,5.9,70.7,70.7,5232170.0,10.940330814806606,15.459497905485598,15.470336855071317,0.3843548909383365,0,-0.10433789113466627,0,0,0,0,0,0,0,0,1
2013,AL,01073,Jefferson,2,1,Tornado,111.8,1.44,0.0,12.399999999999999,102523,35.0,7688.0,4287.0,419125.0,1,68168,735,48,wood,10.0,69.9,56.1,521648.0,11.537852196494088,12.945926869688737,13.164750226900125,0.4594492573523168,0,0.24603900878024346,0,0,0,0,0,0,0,0,0
2013,AL,01097,Mobile,2,2,Flash Flood,135.8,0.0,1.11,12.5,145817,155.0,22003.0,10340.0,5013165.0,1,62123,483,52,wood,12.7,52.4,59.7,5158982.0,11.890114547726656,15.427578209601236,15.456250025009107,0.48065423649234634,1,-0.6425157281166364,0,0,1,0,0,1,0,0,0
2013,AZ,04013,Maricopa,1,1,Thunderstorm Wind,52.6,0.0,0.0,4.0,20026,75.0,66872.0,13976.0,6063600.0,1,79570,546,32,masonry,11.0,61.6,35.2,6083626.0,9.904836642105424,15.617814405986516,15.621111622132117,0.3137811920895383,0,0.6530459922257277,0,0,0,0,0,0,0,0,0
2013,AR,05119,Pulaski,1,1,Thunderstorm Wind,123.1,0.0,0.0,9.2,39206,182.0,56983.0,3810.0,11064326.0,1,61327,421,46,wood,9.9,61.4,56.4,11103532.0,10.576610581265145,16.219236707204516,16.22277390392788,0.41157359651981196,0,-0.051628764667860795,0,0,0,0,0,1,1,0,0
2013,CA,06037,Los Angeles,1,1,Wildfire,91.8,0.0,0.0,3.2,46984,4.0,31981.0,26243.0,232896.0,1,94077,2509,55,wood,10.7,73.4,66.4,279880.0,10.757583680817165,12.358351574724637,12.54211979181329,0.3206924239351024,0,0.27731444972682484,0,0,0,0,0,0,0,0,0
2013,CO,08031,Denver,2,2,Hail,66.0,2.93,0.0,12.0,209042,34.0,164329.0,5689.0,5780612.0,1,81641,4780,50,wood,8.1,68.3,59.9,5989654.0,12.250295251411837,15.57002029038841,15.605544372439597,0.5109259747611342,1,0.3278085099347777,0,0,0,0,0,0,0,0,0
2013,CO,08041,El Paso,1,1,Tornado,47.3,2.45,0.0,10.2,15486,25.0,13889.0,15935.0,745600.0,1,77744,295,38,wood,9.8,73.0,40.2,761086.0,9.647756241316175,13.521945883554336,13.542502953568286,0.4191186110732399,0,0.8750438387245761,0,0,0,0,0,0,0,0,0
2013,FL,12095,Orange,1,1,Flash Flood,137.9,0.0,2.39,9.3,585429,9.0,101705.0,10007.0,1005408.0,1,71861,1368,38,masonry,15.9,55.6,45.5,1590837.0,13.28010189893743,13.820904981861576,14.27977147938265,0.5026085082057088,1,-0.14052950678203852,0,0,1,0,1,0,0,0,0
2013,GA,13089,Dekalb,1,1,Tornado,74.4,1.83,0.0,7.1,63600,158.0,24996.0,14678.0,6268492.0,1,71749,2737,50,wood,11.2,62.9,59.3,6332092.0,11.060384472475045,15.65104653284301,15.661141387177773,0.43336504389279923,0,-0.09342658694086681,0,0,0,0,0,1,0,0,0
2013,IL,17167,Sangamon,2,1,Thunderstorm Wind,95.1,0.0,0.0,6.3,52884,17.0,16888.0,5122.0,374170.0,1,69265,312,54,wood,10.1,53.9,60.1,427054.0,10.875875023762154,12.832468191155133,12.964668089536639,0.3466891196650959,0,-0.4325999521016458,0,0,0,0,0,0,0,0,0
2013,IN,18097,Marion,1,1,Tornado,74.4,1.4,0.0,3.1,8067,163.0,31534.0,7033.0,6286421.0,1,69092,2434,56,wood,17.1,59.0,61.8,6294488.0,8.995660899074103,15.653902627398432,15.655185046629533,0.3696698603506275,0,-0.7066672616189031,0,0,0,0,0,1,0,0,0
2013,IA,19153,Polk,2,2,Thunderstorm Wind,122.0,2.31,0.0,15.4,40083,4.0,33370.0,17219.0,202356.0,1,78108,565,48,wood,10.0,63.1,49.9,242439.0,10.59873253117822,12.217788743231738,12.398509536065221,0.5011426707398016,1,0.21725168164094297,0,0,0,0,0,0,0,0,0
2013,KS,20091,Johnson,1,1,Thunderstorm Wind,88.3,0.0,0.0,10.9,437720,23.0,6525.0,5425.0,274850.0,1,99209,1060,40,wood,17.3,68.0,52.5,712570.0,12.989337000095246,12.523984411630378,13.476634835283106,0.3897293268490399,0,0.2948841118440564,0,0,0,0,1,0,0,0,0
2013,KS,20173,Sedgwick,3,3,Hail,111.3,3.41,0.0,22.0,358953,28.0,49292.0,20931.0,1966244.0,1,71970,553,50,wood,9.8,72.7,52.9,2325197.0,12.790949525555856,14.491636190439758,14.6593157546679,0.6191414439037649,1,0.39323058133654853,0,0,0,1,1,0,0,0,0
2013,LA,22033,East Baton Rouge,1,1,Hurricane (Typhoon),113.2,0.0,2.04,4.1,3932,16.0,26082.0,8299.0,550096.0,1,64419,568,48,wood,11.9,57.9,59.0,554028.0,8.27715777243181,13.217849905294779,13.224972310929784,0.3800305063746448,0,-0.31738479500758354,0,0,1,0,0,0,0,0,0
2013,LA,22071,Orleans,1,1,Thunderstorm Wind,73.6,0.0,0.0,2.9,62118,71.0,13155.0,4241.0,1235116.0,1,54348,2192,62,wood,13.6,53.6,60.9,1297234.0,11.03680717925797,14.026676260399068,14.07574563424157,0.32281053501075396,0,-0.9306499848393252,0,0,0,0,0,0,0,0,0
2013,MI,26081,Kent,1,1,Flash Flood,34.8,0.0,0.0,8.4,3314,53.0,48821.0,5152.0,2860569.0,1,75871,678,52,wood,14.0,65.3,63.1,2863883.0,8.106212902619962,14.86653146363759,14.867689303449117,0.2978502831984402,0,-0.22196020584279652,0,0,0,0,0,0,0,0,0
2013,MN,27003,Anoka,1,1,Hail,114.3,1.22,0.0,10.5,208734,5.0,61364.0,13052.0,372080.0,1,94783,753,48,wood,10.4,56.8,53.2,580814.0,12.24882078384389,12.826866851488433,13.272187568605508,0.44907927830709454,0,0.10206319995158723,0,0,0,0,0,0,0,0,0
2013,MS,28049,Hinds,2,1,Tornado,82.0,1.73,0.0,17.7,415117,17.0,17279.0,3318.0,350149.0,1,49753,314,56,wood,6.1,65.0,67.9,765266.0,12.93631809614603,12.766116913083664,13.547980071523341,0.49279044107555753,1,-0.20616219658072926,0,0,0,0,1,0,0,0,0
2013,MO,29095,Jackson,1,1,Hail,104.5,1.62,0.0,10.6,67621,42.0,38325.0,17759.0,2355528.0,1,69171,1587,54,wood,17.0,66.5,60.9,2423149.0,11.121688652872695,14.672275888657568,14.700578904609719,0.46081453834310365,0,-0.4101727569073084,0,0,0,0,0,0,0,0,0
2013,NE,31055,Douglas,2,2,Hail,94.8,1.69,0.0,23.4,191284,46.0,107148.0,40242.0,6779940.0,1,80289,1509,48,wood,5.7,55.3,57.4,6971224.0,12.161519741481076,15.729478957813818,15.757301520522038,0.551220645138735,1,0.10317059405727025,0,0,0,1,0,0,0,0,0
2013,NV,32003,Clark,1,1,Winter Storm,72.2,0.0,0.0,6.8,17338,53.0,64016.0,23081.0,4616141.0,1,76002,518,38,masonry,17.0,65.6,48.9,4633479.0,9.760713578544673,15.345069849261906,15.34881876360807,0.3410568686267439,0,0.107449150416237,0,0,0,0,0,0,0,0,0
2013,NJ,34013,Essex,1,1,Thunderstorm Wind,23.9,0.0,0.0,4.4,35069,62.0,80103.0,13509.0,5803944.0,1,74531,6431,68,masonry,8.6,66.0,80.5,5839013.0,10.465101343134224,15.574048416718021,15.580072504933634,0.29993075989263496,0,-0.4894788765585763,0,0,0,0,0,0,0,0,1
2013,NY,36029,Erie,1,1,Winter Storm,53.0,0.0,0.0,11.2,30780,1.0,39518.0,8905.0,48423.0,1,75305,739,65,wood,16.3,61.4,73.5,79203.0,10.334652895494106,10.787750837571522,11.279782081577686,0.317949302565105,0,-0.8753793676704221,0,0,0,0,0,0,0,0,0
2013,NY,36059,Nassau,2,2,Thunderstorm Wind,28.0,0.0,0.0,14.0,5895,47.0,12269.0,6349.0,875046.0,1,131266,5005,68,masonry,12.5,58.1,81.3,880941.0,8.682029433869172,13.682032878182905,13.688747068471917,0.32108849274414697,0,-0.42557306483459323,0,0,0,0,0,0,0,1,0
2013,NC,37119,Mecklenburg,1,1,Hail,83.9,1.56,0.0,11.6,1959,37.0,74068.0,6951.0,2997703.0,1,77519,1107,38,wood,15.4,68.3,46.4,2999662.0,7.580699752224563,14.913357220281982,14.91401050698919,0.40932676884358615,0,0.3310017264035567,0,0,0,0,0,0,0,0,0
2013,OH,39035,Cuyahoga,1,1,Flash Flood,37.0,0.0,1.15,6.6,46816,25.0,67346.0,7346.0,1867300.0,1,64639,2930,64,wood,6.4,70.2,76.4,1914116.0,10.754001663810453,14.440004630739615,14.46476697765341,0.3492227388645321,0,-0.1946937067509093,0,0,1,0,0,0,0,0,0
2013,OH,39049,Franklin,2,2,Thunderstorm Wind,84.8,0.62,0.0,18.9,46276,11.0,81423.0,9355.0,998558.0,1,72840,1623,46,wood,5.4,61.3,56.8,1044834.0,10.742400356388892,13.814068518725293,13.85936953617752,0.44256812089456793,0,0.28681531445977365,0,0,0,0,0,0,0,0,0
2013,OK,40143,Tulsa,1,1,Thunderstorm Wind,107.1,0.0,0.0,7.7,104382,29.0,18162.0,14456.0,945922.0,1,66548,976,50,wood,5.5,70.8,62.9,1050304.0,11.555822105922534,13.759916449372398,13.864591156144142,0.3801494387261255,0,0.3576119526624352,0,0,0,0,0,0,0,0,0
2013,OR,41051,Multnomah,2,2,Flash Flood,90.7,0.0,0.98,10.5,77314,20.0,9300.0,3795.0,261900.0,1,80346,1801,52,wood,15.3,54.9,56.2,339214.0,11.255643264909532,12.475721848739754,12.734389403620249,0.3969605901192523,0,-0.4756099632599596,0,0,1,0,0,0,0,0,0
2013,PA,42101,Philadelphia,1,1,Thunderstorm Wind,40.6,0.0,0.0,6.3,7334,27.0,25599.0,16883.0,1147014.0,1,57094,12517,70,masonry,11.4,69.6,82.7,1154348.0,8.900412690577083,13.95267347361972,13.959047106671708,0.29138163349649515,0,-0.7588011597317348,0,0,0,0,0,0,0,0,1
2013,SC,45045,Greenville,1,1,Thunderstorm Wind,52.7,0.0,0.0,1.1,28104,15.0,19820.0,9136.0,434340.0,1,73511,523,40,wood,13.0,61.8,39.7,462444.0,10.243702775436175,12.981585218856377,13.044282909944283,0.27778656036383254,0,0.2778941886930334,0,0,0,0,0,0,0,0,0
2013,TN,47157,Shelby,1,1,Thunderstorm Wind,57.2,0.0,0.0,5.1,14109,21.0,34044.0,4041.0,799785.0,1,67173,1447,50,wood,12.0,71.1,51.1,813894.0,9.55463904484686,13.592099470865557,13.60958664403542,0.3017452954223947,0,0.20742937386841706,0,0,0,0,0,0,0,0,0
2013,TX,48029,Bexar,1,1,Tornado,56.3,2.84,0.0,3.9,47364,7.0,15936.0,2763.0,130893.0,1,73895,1139,38,masonry,14.7,63.3,45.4,178257.0,10.765638838309634,11.782143114331042,12.090987218054844,0.4025239043091091,0,0.1896624900000165,0,0,0,0,0,0,0,0,0
2013,UT,49035,Salt Lake,1,1,Winter Storm,59.0,0.0,0.0,6.3,8311,40.0,24939.0,6177.0,1244640.0,1,83858,1491,42,masonry,16.1,57.9,41.9,1252951.0,9.025455532779063,14.03435769288545,14.041012925083779,0.30783001469549975,0,0.015486063503506387,0,0,0,0,0,0,0,0,0
2013,VA,51059,Fairfax,1,1,Thunderstorm Wind,77.7,0.0,0.0,7.5,33273,176.0,23982.0,22939.0,8258096.0,1,153914,2979,48,wood,17.1,57.5,55.2,8291369.0,10.412531590219688,15.926704731544703,15.93072577280627,0.3620570284702774,0,0.2959853261498599,0,0,0,0,0,1,1,1,0
2013,WA,53033,King,1,1,Winter Storm,70.0,0.0,0.0,4.1,10799,12.0,18837.0,16357.0,422328.0,1,117439,1005,46,wood,12.3,59.5,55.2,433127.0,9.287301413112312,12.953539910124753,12.978788575309244,0.2971708734882304,0,0.30801685177136373,0,0,0,0,0,0,0,1,0
2013,WI,55079,Milwaukee,1,1,Flash Flood,50.0,0.0,0.29,10.4,43307,3.0,37705.0,6977.0,134046.0,1,57082,6559,64,wood,15.9,55.0,75.5,177353.0,10.67609265443079,11.805945763704612,12.085903014218639,0.33230644919092905,0,-1.2420865840503554,0,0,1,0,0,0,0,0,1
2014,AL,01097,Mobile,2,2,Flash Flood,154.8,0.0,2.26,21.6,340286,283.0,9091.0,17765.0,7600248.0,1,57230,487,53,wood,13.4,57.7,60.2,7940534.0,12.737544658172462,15.843691567877753,15.88749121130601,0.5944823734812134,1,-0.583058792620585,0,0,1,1,1,1,0,0,0
2014,AZ,04013,Maricopa,1,1,Winter Storm,11.6,0.0,0.0,4.9,1705,7.0,11608.0,11542.0,162050.0,1,74759,536,33,masonry,5.2,55.2,30.7,163755.0,7.441906728051625,11.99566637948555,12.006132794047598,0.2266098840175342,0,0.7613871138409065,0,0,0,0,0,0,0,0,0
2014,AR,05119,Pulaski,3,2,Hail,119.7,2.11,0.0,22.0,182166,77.0,40023.0,12428.0,4038727.0,1,67053,421,47,wood,11.5,55.1,61.6,4220893.0,12.112679127755113,15.21144034887605,15.255557511916736,0.5736433677920197,1,-0.38152430194867126,0,0,0,1,0,0,0,0,0
2014,CA,06037,Los Angeles,1,1,Thunderstorm Wind,72.4,0.0,0.0,7.7,11140,4.0,8946.0,24859.0,135220.0,1,92827,2553,56,wood,9.4,58.3,54.9,146360.0,9.318387276059317,11.81466575597304,11.89383145157769,0.3100985162863012,0,0.009140070639378255,0,0,0,0,0,0,0,0,0
2014,CO,08031,Denver,2,2,Hail,88.1,1.88,0.0,12.3,148459,49.0,45542.0,7458.0,2597000.0,1,90771,4767,51,wood,14.6,60.0,65.5,2745459.0,11.908070840671538,14.769867875704495,14.82545919629972,0.47797672438426164,1,-0.30021141458637296,0,0,0,0,0,0,0,0,0
2014,FL,12095,Orange,1,1,Thunderstorm Wind,106.4,0.0,0.0,11.3,50482,17.0,53745.0,7354.0,1038683.0,1,74233,1418,39,masonry,6.9,64.0,48.6,1089165.0,10.829391924926254,13.85346508522704,13.900922823723464,0.3927683867382361,0,0.5621723801318039,0,0,0,0,0,0,0,0,0
2014,GA,13089,Dekalb,2,1,Tornado,106.5,0.82,0.0,7.5,292103,32.0,39726.0,8354.0,1538560.0,1,72911,2771,51,wood,12.2,61.5,62.9,1830663.0,12.584865182222503,14.246358121967008,14.42018930053659,0.4266177590635045,0,-0.25378261227928656,0,0,0,0,1,0,0,0,0
2014,IL,17031,Cook,1,1,Flash Flood,36.0,0.0,1.91,1.0,522,26.0,37611.0,14474.0,1354210.0,1,83532,6094,63,wood,10.3,63.0,66.3,1354732.0,6.259581464064923,14.118729554877667,14.119114944908956,0.28306481142078715,0,-0.28087777243567735,0,0,1,0,0,0,0,0,1
2014,IN,18097,Marion,1,1,Tornado,80.9,1.93,0.0,3.9,50040,43.0,12193.0,6284.0,794511.0,1,71980,2439,57,wood,11.2,57.4,77.4,844551.0,10.82059794839396,13.585483368683738,13.646561588230725,0.40281893037167005,0,-0.6732576179320927,0,0,0,0,0,0,0,0,0
2014,IA,19153,Polk,1,1,Hail,134.5,2.5,0.0,6.3,107471,13.0,17387.0,6099.0,305318.0,1,78327,570,49,wood,17.4,63.7,49.3,412789.0,11.584985627506645,12.629112410654848,12.930694268049864,0.4808139689182484,1,-0.1642504253811087,0,0,0,0,0,0,0,0,0
2014,KS,20091,Johnson,1,1,Thunderstorm Wind,90.7,0.0,0.0,8.3,45457,35.0,37571.0,21632.0,2072105.0,1,104807,1086,41,wood,15.0,65.0,58.7,2117562.0,10.724544101718104,14.544076039354128,14.565776457131879,0.3681675822663717,0,0.26106522362655044,0,0,0,0,0,0,0,0,0
2014,LA,22033,East Baton Rouge,2,1,Flash Flood,117.7,0.0,2.33,11.3,42756,429.0,20053.0,7602.0,11863995.0,1,63893,578,49,wood,6.7,64.1,52.1,11906751.0,10.663288203650593,16.28901882564543,16.292616192132083,0.48818551451080955,1,0.23814866144982041,0,0,1,0,0,1,1,0,0
2014,MI,26081,Kent,2,2,Flash Flood,96.0,0.0,0.98,15.3,22022,37.0,8001.0,10365.0,679542.0,1,79556,697,53,wood,17.1,56.9,72.2,701564.0,9.99984264077889,13.429175792395997,13.46106883282085,0.4226087871387156,0,-0.7772118364874763,0,0,1,0,0,0,0,0,0
2014,MN,27003,Anoka,2,2,Thunderstorm Wind,80.2,1.92,0.0,15.2,50268,17.0,91181.0,19449.0,1880710.0,1,90864,773,49,wood,15.4,56.1,60.5,1930978.0,10.825143863908693,14.447160454799118,14.473537686157316,0.47471592396847434,1,-0.35276119160745756,0,0,0,0,0,0,0,0,0
2014,MN,27053,Hennepin,1,1,Hail,36.5,0.34,0.0,6.0,85060,44.0,13660.0,23827.0,1649428.0,1,87896,2024,57,wood,12.8,65.4,64.4,1734488.0,11.35112392514576,14.315939725377913,14.366223403486561,0.3313105074435068,0,-0.1548172227461215,0,0,0,0,0,0,0,0,0
2014,MS,28049,Hinds,1,1,Thunderstorm Wind,78.6,0.0,0.0,6.9,65507,76.0,15130.0,6558.0,1648288.0,1,49755,314,57,wood,11.7,71.2,64.9,1713795.0,11.089927551569758,14.315248338154742,14.3542213512198,0.35292236934292537,0,-0.278828094306656,0,0,0,0,0,0,0,0,0
2014,MO,29095,Jackson,1,1,Hail,94.1,1.63,0.0,7.2,396273,371.0,34698.0,11004.0,16955442.0,1,69884,1616,55,wood,12.8,73.1,60.4,17351715.0,12.889861170162815,16.64609946118639,16.66920196436551,0.47146208253600136,1,0.01923199451576857,0,0,0,0,1,1,1,0,0
2014,NE,31055,Douglas,2,2,Hail,89.3,3.14,0.0,7.5,57608,47.0,13388.0,3767.0,806285.0,1,82960,1496,49,wood,7.2,55.6,55.4,863893.0,10.961434084478222,13.600193797258077,13.669205355074565,0.4788697372316135,1,0.07001425847598679,0,0,0,0,0,0,0,0,0
2014,NV,32003,Clark,2,2,Flash Flood,35.2,0.0,0.0,18.5,48281,18.0,12219.0,6880.0,343782.0,1,73895,508,39,masonry,13.2,73.7,49.2,392063.0,10.784814099374188,12.747765923355214,12.879180370752392,0.36876527219866045,0,0.5246761108870518,0,0,0,0,0,0,0,0,0
2014,NJ,34013,Essex,1,1,Flash Flood,49.5,0.0,0.09,5.7,25161,24.0,19052.0,6508.0,613440.0,1,80194,6582,69,masonry,18.0,71.0,77.8,638601.0,10.133090198911075,13.326839368989367,13.367036691108838,0.3061882863531832,0,-0.7534762966166783,0,0,1,0,0,0,0,0,1
2014,NY,36029,Erie,1,1,Flash Flood,30.8,0.0,0.45,2.0,1538,6.0,74642.0,6619.0,487566.0,1,74374,752,66,wood,12.8,67.8,75.3,489104.0,7.338888133838879,13.097182995874027,13.100332469333507,0.24626814310321368,0,-0.5400847328935848,0,0,1,0,0,0,0,0,0
2014,NY,36059,Nassau,1,1,Winter Storm,109.0,0.0,0.0,9.6,4159,14.0,36578.0,19578.0,786184.0,1,131254,5043,69,masonry,17.5,63.1,84.5,790343.0,8.333270353255308,13.57494741267316,13.580223572703371,0.35357229014319796,0,-0.5991985018250509,0,0,0,0,0,0,0,1,0
2014,NY,36103,Suffolk,1,1,Winter Storm,70.0,0.0,0.0,6.0,5362,42.0,27513.0,2747.0,1270920.0,1,123698,1720,61,wood,9.7,66.2,67.4,1276282.0,8.587278798982926,14.055252392456993,14.059462505129664,0.30973747372601285,0,0.25279672066511216,0,0,0,0,0,0,0,1,0
2014,NC,37119,Mecklenburg,2,2,Thunderstorm Wind,89.9,1.21,0.0,18.0,94980,65.0,86426.0,9177.0,6214195.0,1,84405,1108,39,wood,7.8,64.6,45.4,6309175.0,11.461432150580011,15.642346910117778,15.657515639619414,0.4887397156314244,1,0.6782219461475149,0,0,0,0,0,0,0,0,0
2014,OH,39035,Cuyahoga,1,1,Thunderstorm Wind,69.2,0.0,0.0,4.0,55305,72.0,57617.0,21115.0,5668704.0,1,61501,2982,65,wood,11.8,56.1,73.5,5724009.0,10.920636680720666,15.550471254556083,15.560180166687001,0.33784807935779043,0,-0.9356950850299475,0,0,0,0,0,0,0,0,0
2014,OK,40143,Tulsa,2,1,Hail,109.8,2.59,0.0,10.100000000000001,114794,89.0,47323.0,15327.0,5575850.0,1,69674,976,51,wood,10.0,62.8,65.2,5690644.0,11.650903207912132,15.533955509401192,15.554334156444378,0.5134744866493823,1,-0.16098349774069604,0,0,0,0,0,0,0,0,0
2014,OR,41051,Multnomah,1,1,Flash Flood,93.7,0.0,0.93,9.0,20911,33.0,27737.0,7486.0,1162359.0,1,79278,1823,53,wood,16.4,60.9,62.6,1183270.0,9.948078435864003,13.965962979083834,13.983793195339718,0.38719224030521887,0,-0.4688135549981453,0,0,1,0,0,0,0,0,0
2014,PA,42101,Philadelphia,1,1,Winter Storm,47.8,0.0,0.0,2.2,167094,52.0,31910.0,8972.0,2125864.0,1,57582,12335,71,masonry,13.8,57.6,84.4,2292958.0,12.026317791933533,14.569689336338216,14.645353681174296,0.31502627308472936,0,-1.3092297926454135,0,0,0,0,0,0,0,0,1
2014,SC,45045,Greenville,1,1,Thunderstorm Wind,71.4,0.0,0.0,0.7,56910,22.0,16033.0,8871.0,547888.0,1,70966,518,41,wood,16.5,65.9,49.1,604798.0,10.949243923047078,13.213827990668644,13.312651450406939,0.3002230210702694,0,0.036927763035363805,0,0,0,0,0,0,0,0,0
2014,TN,47157,Shelby,1,1,Thunderstorm Wind,98.1,0.0,0.0,10.8,137405,45.0,12472.0,7621.0,904185.0,1,65276,1439,51,wood,14.0,73.7,57.7,1041590.0,11.830695325939232,13.71479037042262,13.856259909846116,0.3938334739191261,0,0.0470412798681103,0,0,0,0,0,0,0,0,0
2014,TX,48029,Bexar,1,1,Tornado,107.4,1.7,0.0,8.1,196106,53.0,162998.0,8336.0,9080702.0,1,72628,1121,39,masonry,16.9,64.6,39.5,9276808.0,12.18641570762078,16.021662170487968,16.043028187871126,0.47601913096291165,1,0.17345304056368774,0,0,0,0,0,0,1,0,0
2014,TX,48141,El Paso,1,1,Thunderstorm Wind,8.2,0.0,0.0,7.9,30492,41.0,56979.0,7786.0,2655365.0,1,60008,872,43,masonry,7.6,65.8,56.4,2685857.0,10.325252428057745,14.792093056264655,14.803510787951518,0.2994067310207668,0,0.25462303762030764,0,0,0,0,0,0,0,0,0
2014,TX,48201,Harris,1,1,Hurricane (Typhoon),89.5,0.0,3.06,10.7,48509,31.0,21860.0,9938.0,985738.0,1,70708,2880,43,wood,11.0,68.3,42.2,1034247.0,10.789525241239263,13.801146892661635,13.849185150553357,0.46335375704163945,0,0.47096777538643797,0,0,1,0,0,0,0,0,0
2014,UT,49035,Salt Lake,1,1,Thunderstorm Wind,63.7,0.0,0.0,3.3,14268,10.0,19314.0,12257.0,315710.0,1,89196,1490,43,masonry,6.8,71.2,61.3,329978.0,9.565844630930576,12.662582517144648,12.706784295054147,0.2883303888866059,0,0.6702740813387033,0,0,0,0,0,0,0,0,0
2014,VA,51059,Fairfax,2,2,Thunderstorm Wind,50.7,0.0,0.0,14.0,9720,46.0,15201.0,30876.0,2119542.0,1,151235,2998,49,wood,16.3,69.4,57.2,2129262.0,9.18204377282107,14.566711057372762,14.571286468420876,0.352312753119784,0,0.6438046593067429,0,0,0,0,0,0,0,1,0
2014,WA,53033,King,1,1,Flash Flood,40.8,0.0,1.33,5.0,41466,7.0,55198.0,26955.0,575071.0,1,120443,996,47,wood,11.4,72.5,55.2,616537.0,10.632653209172005,13.262250529331748,13.331875237967592,0.33631828617301524,0,0.7803360900161678,0,0,1,0,0,0,0,1,0
2014,WI,55079,Milwaukee,1,1,Flash Flood,93.3,0.0,0.21,4.6,168286,35.0,19665.0,3101.0,796810.0,1,57169,6685,65,wood,15.1,66.9,84.0,965096.0,12.033426134177082,13.588372790378118,13.779983893404228,0.36163351836213437,0,-0.9671443584474598,0,0,1,0,0,0,0,0,1
2015,AL,01073,Jefferson,2,1,Tornado,108.6,2.9,0.0,12.0,71719,41.0,93816.0,8948.0,4213324.0,1,70395,744,50,wood,6.4,56.5,65.5,4285043.0,11.18052492771907,15.253762680164819,15.270641378339361,0.5276146158670063,1,-0.1498298233755748,0,0,0,0,0,0,0,0,0
2015,AL,01097,Mobile,2,1,Flash Flood,132.2,0.0,2.78,17.7,542166,287.0,25914.0,17126.0,12352480.0,1,62828,479,54,wood,17.7,71.1,61.9,12894646.0,13.203329351044337,16.329367491550688,16.37232282197135,0.5791144293044023,1,-0.37565422916253544,0,0,1,0,1,1,1,0,0
2015,AZ,04013,Maricopa,2,2,Thunderstorm Wind,34.2,0.0,0.0,11.9,6954,44.0,72799.0,21552.0,4151444.0,1,82746,537,34,masonry,16.1,65.3,35.8,4158398.0,8.847216104357543,15.238967024372931,15.240640702392227,0.3294521264520989,0,0.4836016244313992,0,0,0,0,0,0,0,0,0
2015,AR,05119,Pulaski,1,1,Thunderstorm Wind,105.8,0.0,0.0,2.5,74102,221.0,19173.0,7645.0,5926778.0,1,66034,413,48,wood,8.1,68.8,52.6,6000880.0,11.21321129629461,15.594991453083065,15.607416849746704,0.36138249167377334,0,0.34503992910840425,0,0,0,0,0,1,0,0,0
2015,CA,06037,Los Angeles,1,1,Thunderstorm Wind,91.0,0.0,0.0,1.4,55815,21.0,66814.0,12413.0,1663767.0,1,89399,2545,57,wood,14.2,66.4,63.7,1719582.0,10.929815845619073,14.324595467566068,14.357592377535392,0.3290506996789659,0,-0.1724435842377797,0,0,0,0,0,0,0,0,0
2015,CA,06073,San Diego,1,1,Thunderstorm Wind,68.8,0.0,0.0,5.7,48850,14.0,31624.0,10060.0,583576.0,1,100098,828,44,wood,7.2,66.9,45.2,632426.0,10.796530128090472,13.276931684298976,13.357320077903223,0.3258267266445962,0,0.8411484825642669,0,0,0,0,0,0,0,0,0
2015,CO,08041,El Paso,1,1,Tornado,87.7,2.38,0.0,8.1,27941,43.0,113390.0,10736.0,5337418.0,1,77845,302,40,wood,11.8,73.5,48.2,5365359.0,10.237886212210432,15.490252760759837,15.495474033380068,0.45986003198157704,0,0.6264804105411347,0,0,0,0,0,0,0,0,0
2015,FL,12086,Miami-Dade,1,1,Flash Flood,184.5,0.0,3.59,10.1,74992,212.0,16963.0,7549.0,5196544.0,1,69605,1496,50,masonry,17.6,58.3,56.1,5271536.0,11.225150054829287,15.4635045396479,15.477832528849593,0.5685928629332673,1,-0.5517508689310446,1,0,1,0,0,1,0,0,0
2015,GA,13089,Dekalb,1,1,Thunderstorm Wind,82.4,0.0,0.0,4.8,308158,20.0,43583.0,19070.0,1253060.0,1,77231,2763,52,wood,13.2,69.1,50.1,1561218.0,12.638371162519135,14.041099915853634,14.260977484340087,0.3592983502676547,0,0.15259974464186846,0,0,0,0,1,0,0,0,0
2015,IL,17031,Cook,2,2,Flash Flood,33.9,0.0,0.52,16.799999999999997,83159,28.0,11406.0,9575.0,587468.0,1,82184,6191,64,wood,16.7,64.3,78.3,670627.0,11.328521741971949,13.283578757650831,13.41596986579605,0.3839582269939131,0,-0.7935672258643602,0,0,1,0,0,0,0,0,1
2015,IN,18097,Marion,2,1,Hail,47.1,2.56,0.0,15.5,51906,90.0,94194.0,7263.0,9131130.0,1,69878,2501,58,wood,16.5,54.5,65.9,9183036.0,10.857208934818349,16.027200122226482,16.032868535771904,0.4899509986390784,1,-0.9108017439605964,0,0,0,0,0,0,1,0,0
2015,IA,19153,Polk,1,1,Hail,126.5,2.06,0.0,10.8,51383,50.0,36548.0,27718.0,3213300.0,1,84152,565,50,wood,5.3,72.0,56.2,3264683.0,10.847082118937628,14.98280931562733,14.998673531935282,0.49568922274449845,1,0.6746809071691204,0,0,0,0,0,0,0,0,0
2015,KS,20091,Johnson,1,1,Thunderstorm Wind,108.2,0.0,0.0,2.1,385888,19.0,59026.0,19182.0,1485952.0,1,100625,1093,42,wood,14.8,63.9,49.0,1871840.0,12.863305042325452,14.211566875226675,14.442432996514981,0.3678600747300019,0,0.32613423557879767,0,0,0,0,1,0,0,0,0
2015,KS,20173,Sedgwick,1,1,Hail,108.7,3.33,0.0,0.8,115292,61.0,36039.0,3427.0,2407426.0,1,71841,558,52,wood,13.3,65.0,57.3,2522718.0,11.655231993225946,14.694069100284004,14.740847846073692,0.48037074142962216,1,-0.14405355880349652,0,0,0,0,0,0,0,0,0
2015,LA,22071,Orleans,1,1,Thunderstorm Wind,108.0,0.0,0.0,5.8,20272,85.0,43722.0,2866.0,3959980.0,1,55213,2136,64,wood,11.9,55.8,73.1,3980252.0,9.917045230468194,15.191749785239354,15.196855943079466,0.3635269545544149,0,-0.985131898057466,0,0,0,0,0,0,0,0,0
2015,MI,26081,Kent,2,2,Thunderstorm Wind,133.4,0.0,0.0,12.1,366179,25.0,21709.0,6757.0,711650.0,1,79542,706,54,wood,6.2,63.1,57.0,1077829.0,12.810880294766596,13.475342901682918,13.890460318571801,0.4379743395994786,0,0.21237795585156807,0,0,0,0,1,0,0,0,0
2015,MN,27003,Anoka,1,1,Hail,64.7,1.45,0.0,5.8,9016,51.0,40367.0,12321.0,2687088.0,1,95581,770,50,wood,14.4,66.6,56.6,2696104.0,9.106866963499908,14.803969009490476,14.807318696843474,0.37344172060660324,0,0.12064438036994932,0,0,0,0,0,0,0,0,0
2015,MS,28049,Hinds,1,1,Thunderstorm Wind,97.7,0.0,0.0,9.2,40649,23.0,18404.0,6966.0,583510.0,1,51148,309,58,wood,11.5,54.1,74.8,624159.0,10.612754114975957,13.276818582287696,13.344162024740484,0.3663027831520469,0,-0.9701963486528598,0,0,0,0,0,0,0,0,0
2015,MO,29095,Jackson,1,1,Tornado,95.8,2.6,0.0,3.0,9291,15.0,9725.0,10826.0,308265.0,1,67620,1614,56,wood,13.3,53.9,62.0,317556.0,9.1369090938903,12.638718325600044,12.668412608760795,0.407331723770813,0,-0.6844625999015573,0,0,0,0,0,0,0,0,0
2015,NE,31055,Douglas,1,1,Thunderstorm Wind,104.3,0.0,0.0,7.0,27377,18.0,21144.0,6488.0,497376.0,1,84170,1496,50,wood,10.3,61.1,66.1,524753.0,10.217495050155458,13.117103568831977,13.170684860331292,0.35274185609275555,0,-0.08938501569254755,0,0,0,0,0,0,0,0,0
2015,NV,32003,Clark,3,2,Winter Storm,68.5,0.0,0.0,18.0,248356,16.0,48516.0,9633.0,930384.0,1,72611,516,40,masonry,16.2,52.1,45.1,1178740.0,12.42262250616606,13.743353757958607,13.979957477693869,0.41950630138473216,0,-0.2923842119558292,0,0,0,0,1,0,0,0,0
2015,NJ,34013,Essex,1,1,Flash Flood,60.7,0.0,0.0,0.6,29411,6.0,49251.0,6757.0,336048.0,1,84079,6674,70,masonry,7.7,62.5,74.7,365459.0,10.289158033316113,12.725012261646027,12.808912113058586,0.27937201575742293,0,-0.41232533296174845,0,0,0,0,0,0,0,0,1
2015,NY,36029,Erie,1,1,Thunderstorm Wind,51.6,0.0,0.0,8.7,6907,26.0,9919.0,42733.0,1368952.0,1,72351,766,67,wood,17.3,69.8,78.5,1375859.0,8.84043543926657,14.129556772052316,14.13458954811309,0.3146238058110684,0,-0.8018579545624382,0,0,0,0,0,0,0,0,0
2015,NC,37119,Mecklenburg,1,1,Hail,105.5,1.7,0.0,4.3,74922,214.0,27671.0,9135.0,7876484.0,1,85707,1136,40,wood,13.5,55.5,54.2,7951406.0,11.224216198468563,15.879392296327186,15.888859452103278,0.4402143205537903,0,-0.055423062986031446,0,0,0,0,0,1,0,0,0
2015,OH,39035,Cuyahoga,1,1,Thunderstorm Wind,40.7,0.0,0.0,11.1,25558,65.0,23882.0,9592.0,2175810.0,1,63990,3017,66,wood,7.2,62.8,77.5,2201368.0,10.148744784095449,14.592912026568069,14.604589997524425,0.33927249554116234,0,-0.533611882051859,0,0,0,0,0,0,0,0,0
2015,OK,40109,Oklahoma,1,1,Thunderstorm Wind,111.8,0.0,0.0,10.1,84953,70.0,70245.0,3699.0,5176080.0,1,67116,891,48,wood,8.0,73.8,56.3,5261033.0,11.349865212513025,15.45955876419035,15.475838143341749,0.41025632514986193,0,0.46377984074207923,0,0,0,0,0,0,0,0,0
2015,OK,40143,Tulsa,3,2,Tornado,105.8,2.66,0.0,22.9,205824,25.0,28215.0,4037.0,806300.0,1,70657,1000,52,wood,7.2,69.8,59.7,1012124.0,12.234781572166627,13.600212400905509,13.827562638988416,0.5766048753040937,1,0.28549088634628533,0,0,0,1,0,0,0,0,0
2015,OR,41051,Multnomah,1,1,Flash Flood,35.6,0.0,0.0,5.6,2124,17.0,41054.0,13427.0,926177.0,1,86845,1818,54,wood,10.7,63.2,58.9,928301.0,7.661527081358517,13.738821719777562,13.741112389861627,0.2672081228415898,0,0.01647227749160109,0,0,0,0,0,0,0,0,0
2015,PA,42101,Philadelphia,1,1,Winter Storm,74.1,0.0,0.0,6.6,161028,87.0,58310.0,5344.0,5537898.0,1,61341,12471,72,masonry,10.2,68.0,84.2,5698926.0,11.989339751969782,15.527125744915823,15.555788469470315,0.36883306327883597,0,-0.7662620590270025,0,0,0,0,0,0,0,0,1
2015,SC,45045,Greenville,1,1,Tornado,127.3,1.55,0.0,6.8,146862,6.0,66120.0,17318.0,500628.0,1,71561,516,42,wood,10.1,71.3,60.5,647490.0,11.897255458415101,13.123620586785325,13.38086017284533,0.4491916186508557,0,0.36260104656421044,0,0,0,0,0,0,0,0,0
2015,TN,47037,Davidson,1,1,Hail,117.2,1.02,0.0,10.2,82411,16.0,29547.0,9995.0,632672.0,1,77284,1339,47,wood,13.1,66.0,52.9,715083.0,11.319486336362349,13.357708979971203,13.480155297293097,0.43573819606729697,0,0.11033356999397906,0,0,0,0,0,0,0,0,0
2015,TN,47157,Shelby,2,1,Tornado,95.3,2.03,0.0,12.8,52079,3.0,75417.0,4668.0,240255.0,1,67484,1428,52,wood,15.0,70.2,69.6,292334.0,10.860536276882451,12.389460300506126,12.585655683924234,0.45910577407337866,0,-0.2968471978440942,0,0,0,0,0,0,0,0,0
2015,TX,48029,Bexar,1,1,Hail,52.0,2.05,0.0,7.8,19125,52.0,16342.0,23145.0,2053324.0,1,77438,1107,40,masonry,11.1,54.4,49.0,2072449.0,9.858803944909488,14.534970988391798,14.54424204024821,0.4047773980937502,0,0.03813483974271553,0,0,0,0,0,0,0,0,0
2015,TX,48201,Harris,1,1,Thunderstorm Wind,128.8,0.0,0.0,4.3,406228,145.0,51598.0,16250.0,9837960.0,1,71967,2940,44,wood,14.9,68.2,47.3,10244188.0,12.914672318982298,16.101759032109193,16.142221175955644,0.4138176515951761,0,0.17609652081921176,0,0,0,0,1,1,1,0,0
2015,UT,49035,Salt Lake,1,1,Winter Storm,35.7,0.0,0.0,3.3,12936,28.0,52865.0,13190.0,1849540.0,1,87340,1465,44,masonry,5.0,62.8,52.8,1862476.0,9.467846701917901,14.43044805816249,14.437417880166313,0.28107853817764283,0,0.5910711895460634,0,0,0,0,0,0,0,0,0
2015,VA,51059,Fairfax,1,1,Flash Flood,67.4,0.0,0.0,1.0,211569,69.0,61255.0,12917.0,5117868.0,1,162060,2974,50,wood,11.1,72.4,62.4,5329437.0,12.262311191977362,15.448248699438377,15.488756349682182,0.3338086135801601,0,1.0200837368235383,0,0,0,0,0,0,0,1,0
2015,WA,53033,King,2,2,Thunderstorm Wind,39.1,0.0,0.0,10.9,53174,52.0,105639.0,4151.0,5709080.0,1,114103,1031,48,wood,16.4,54.5,47.5,5762254.0,10.881343640068438,15.557568622969761,15.566839449114218,0.3538923542290718,0,-0.020993371940948503,0,0,0,0,0,0,0,1,0
2015,WI,55079,Milwaukee,1,1,Flash Flood,63.8,0.0,1.31,10.4,5707,58.0,37392.0,5506.0,2488084.0,1,59683,6762,66,wood,11.5,54.5,78.9,2493791.0,8.649623978596727,14.72702389624477,14.729315001583748,0.3746652190102117,0,-1.0888967027347303,0,0,1,0,0,0,0,0,1
2016,AL,01073,Jefferson,1,1,Hail,86.3,2.95,0.0,3.5,61528,9.0,44499.0,5804.0,452727.0,1,66947,731,50,wood,11.9,70.2,59.5,514255.0,11.027263887367784,13.023046782626878,13.150476474924048,0.44175968426226664,0,0.053977557674211085,0,0,0,0,0,0,0,0,0
2016,AL,01097,Mobile,1,1,Flash Flood,97.0,0.0,4.86,5.1,7848,423.0,19972.0,11314.0,13233978.0,1,63547,486,54,wood,17.4,54.5,63.7,13241826.0,8.968141414126814,16.39829824673106,16.39889108988982,0.49049978747842965,1,-0.9100740248459213,0,0,1,0,0,1,1,0,0
2016,AZ,04013,Maricopa,1,1,Flash Flood,83.4,0.0,0.5,5.0,12474,59.0,50823.0,24688.0,4455149.0,1,77618,548,34,masonry,13.6,62.1,36.7,4467623.0,9.431481920619719,15.309571288353894,15.312367281646198,0.3496272204112889,0,0.4522106001216784,0,0,1,0,0,0,0,0,0
2016,AR,05119,Pulaski,1,1,Hail,102.3,1.51,0.0,0.9,80900,13.0,82579.0,1262.0,1089933.0,1,67898,426,48,wood,7.2,57.5,56.0,1170833.0,11.300981463909618,13.901627701913357,13.973226873350884,0.39416857343862327,0,-0.00192949911095036,0,0,0,0,0,0,0,0,0
2016,CA,06073,San Diego,1,1,Thunderstorm Wind,19.5,0.0,0.0,2.2,39514,19.0,61048.0,3387.0,1224265.0,1,107699,823,44,wood,15.6,64.1,59.7,1263779.0,10.584435625639076,14.017852038705218,14.04961778790746,0.271472031875405,0,0.15644025139258697,0,0,0,0,0,0,0,0,0
2016,CO,08041,El Paso,1,1,Hail,50.6,2.9,0.0,7.8,50237,3.0,10261.0,7934.0,54585.0,1,85678,305,40,wood,9.9,71.2,47.0,104822.0,10.824526991432487,10.907532718597857,11.560028492438871,0.4158836573804284,0,0.7462199570837598,0,0,0,0,0,0,0,0,0
2016,FL,12086,Miami-Dade,1,1,Flash Flood,109.8,0.0,3.57,11.9,145059,125.0,27852.0,10103.0,4744375.0,1,64908,1510,50,masonry,5.9,67.2,59.5,4889434.0,11.884902728917403,15.372470474529067,15.402587312853282,0.5272849159984633,1,0.25777569051427973,0,0,1,0,0,1,0,0,0
2016,FL,12095,Orange,1,1,Flash Flood,96.6,0.0,3.2,7.6,32122,747.0,27331.0,17978.0,33845823.0,1,73768,1425,40,masonry,15.2,73.8,49.5,33877945.0,10.377327563450146,17.33732618191301,17.338274800172414,0.4814589571142697,1,0.3971454786706288,0,0,1,0,0,1,1,0,0
2016,GA,13089,Dekalb,1,1,Hail,68.8,0.0,0.0,4.1,59702,74.0,54491.0,17998.0,5364186.0,1,81543,2807,52,wood,7.3,64.2,69.1,5423888.0,10.997137549374422,15.495255384819291,15.506323643791196,0.3385141179196902,0,0.06106188311723291,0,0,0,0,0,0,0,0,0
2016,IL,17031,Cook,1,1,Winter Storm,44.5,0.0,0.0,2.8,173205,65.0,66097.0,18569.0,5503290.0,1,81915,6203,64,wood,16.2,59.3,72.2,5676495.0,12.062236916542783,15.520856834890923,15.551844698926915,0.32474142635582365,0,-0.8362114481161594,0,0,0,0,0,0,0,0,1
2016,IN,18097,Marion,2,2,Hail,74.4,2.77,0.0,20.1,37196,118.0,210051.0,11921.0,26192696.0,1,71282,2464,58,wood,9.0,61.7,67.9,26229892.0,10.523983391847953,17.08099118941797,17.082410272536222,0.5512605301766359,1,-0.29977517479969396,0,0,0,0,0,0,1,0,0
2016,IA,19153,Polk,3,2,Tornado,76.5,2.27,0.0,27.8,144158,8.0,33852.0,3854.0,301648.0,1,85317,569,50,wood,8.9,71.7,61.7,445806.0,11.878672136081146,12.617019368763131,13.007641401919198,0.5541655472467766,1,0.40108480371499605,0,0,0,1,0,0,0,0,0
2016,KS,20091,Johnson,1,1,Thunderstorm Wind,125.1,0.0,0.0,8.4,30624,51.0,24783.0,10996.0,1824729.0,1,101696,1081,42,wood,5.4,67.4,39.8,1855353.0,10.329571947847029,14.416942588848277,14.433586071396395,0.38973226256965016,0,1.0874391424061085,0,0,0,0,0,0,0,0,0
2016,KS,20173,Sedgwick,1,1,Tornado,125.5,1.98,0.0,2.7,32695,40.0,75634.0,9445.0,3403160.0,1,70351,568,52,wood,8.1,64.4,65.0,3435855.0,10.395008025244113,15.040215263559906,15.049776652011328,0.44035620682615634,0,-0.018242123695209077,0,0,0,0,0,0,0,0,0
2016,LA,22033,East Baton Rouge,2,2,Flash Flood,148.8,0.0,2.79,11.4,359658,166.0,37224.0,11873.0,8150102.0,1,67220,586,50,wood,16.2,67.8,50.6,8509760.0,12.792911639311608,15.913541123173996,15.956724415548832,0.5475184666187642,1,-0.11296416706126337,0,0,1,0,1,1,0,0,0
2016,LA,22071,Orleans,1,1,Flash Flood,100.2,0.0,5.09,9.6,70442,72.0,86727.0,46073.0,9561600.0,1,54953,2190,64,wood,6.3,70.6,68.0,9632042.0,11.162559151141057,16.073265739625526,16.08060591080649,0.5481358646887655,1,-0.1401089230691834,0,0,1,0,0,0,1,0,0
2016,MI,26081,Kent,1,1,Thunderstorm Wind,78.6,0.0,0.0,3.7,135085,2.0,41470.0,17976.0,118892.0,1,82277,693,54,wood,17.2,59.3,52.9,253977.0,11.813666891635643,11.685979207943268,12.44500292807622,0.31964529146904735,0,-0.4050642378052277,0,0,0,0,0,0,0,0,0
2016,MN,27003,Anoka,1,1,Thunderstorm Wind,92.1,0.0,0.0,7.2,478297,7.0,137664.0,20438.0,1106714.0,1,93369,774,50,wood,11.4,69.4,61.9,1585011.0,13.077989248183584,13.916906725969644,14.276102536242776,0.3846676545773564,0,0.26780429548191764,0,0,0,0,1,0,0,0,0
2016,MN,27053,Hennepin,2,2,Hail,83.0,0.88,0.0,21.2,77026,13.0,22805.0,6746.0,384163.0,1,89498,2053,58,wood,14.8,62.2,64.6,461189.0,11.251911288723354,12.85882482372907,13.041565384574755,0.46201109509409344,0,-0.3698175217784517,0,0,0,1,0,0,0,0,0
2016,MS,28049,Hinds,1,1,Hail,80.7,1.42,0.0,4.6,37765,20.0,40834.0,11673.0,1050140.0,1,53536,308,58,wood,7.5,56.2,62.0,1087905.0,10.539164505941523,13.864434998832472,13.89976530560676,0.3860862098459105,0,-0.47321762203236795,0,0,0,0,0,0,0,0,0
2016,MO,29095,Jackson,1,1,Tornado,53.2,2.03,0.0,2.9,11688,18.0,46114.0,16043.0,1118826.0,1,73668,1594,56,wood,14.4,55.9,62.3,1130514.0,9.366403507607771,13.927791373018389,13.938183839077418,0.36560079511018806,0,-0.626576098387123,0,0,0,0,0,0,0,0,0
2016,NE,31055,Douglas,1,1,Thunderstorm Wind,91.4,0.0,0.0,1.0,10308,10.0,27547.0,15814.0,433610.0,1,80346,1554,50,wood,13.0,55.0,52.7,443918.0,9.240772579096385,12.979903097789476,13.003397392339108,0.2955908710442363,0,-0.2595317011957764,0,0,0,0,0,0,0,0,0
2016,NV,32003,Clark,1,1,Flash Flood,65.6,0.0,0.8,7.0,33040,51.0,169909.0,9949.0,9172758.0,1,76828,510,40,masonry,9.3,62.1,48.3,9205798.0,10.405504493520723,16.031748671389654,16.035344169534177,0.3736591974839818,0,0.3843900901378848,0,0,1,0,0,0,1,0,0
2016,NJ,34013,Essex,1,1,Flash Flood,34.3,0.0,1.66,5.0,33308,22.0,66256.0,12865.0,1740662.0,1,85641,6639,70,masonry,7.7,63.3,85.8,1773970.0,10.413582909722376,14.369776633098267,14.388731094480164,0.3480127070654513,0,-0.5410817132615493,0,0,1,0,0,0,0,0,1
2016,NY,36029,Erie,2,2,Flash Flood,41.5,0.0,0.0,16.6,114052,14.0,62028.0,5241.0,941766.0,1,73974,751,67,wood,14.6,52.4,75.0,1055818.0,11.644418531619104,13.755513176891228,13.869827327042273,0.3815644570819616,0,-1.1450603264911325,0,0,0,0,0,0,0,0,0
2016,NY,36059,Nassau,1,1,Thunderstorm Wind,49.3,0.0,0.0,6.4,19412,37.0,8625.0,9140.0,657305.0,1,137967,5050,70,masonry,7.6,56.3,81.9,676717.0,9.873698223725375,13.395904942461945,13.425009921541445,0.30508074259622425,0,-0.20597598970798686,0,0,0,0,0,0,0,1,0
2016,NC,37119,Mecklenburg,1,1,Tornado,83.5,0.0,0.0,11.0,66704,27.0,62985.0,4797.0,1830114.0,1,85220,1133,40,wood,9.4,69.3,50.3,1896818.0,11.108035191612906,14.419889364373212,14.455688830553683,0.38150310903935586,0,0.6575793387562537,0,0,0,0,0,0,0,0,0
2016,OH,39035,Cuyahoga,1,1,Winter Storm,76.0,0.0,0.0,2.2,196756,28.0,11189.0,1837.0,364728.0,1,64645,2994,66,wood,13.0,62.6,75.4,561484.0,12.189724743791617,12.806909891047,13.238340338645301,0.32323683676588283,0,-0.809984155302959,0,0,0,0,0,0,0,0,0
2016,OH,39049,Franklin,1,1,Hail,57.8,1.21,0.0,4.8,45519,17.0,23715.0,4892.0,486319.0,1,74509,1630,48,wood,15.2,62.6,61.1,531838.0,10.725907068800213,13.094622122422605,13.184096090942656,0.35668099283614696,0,-0.27948709390250387,0,0,0,0,0,0,0,0,0
2016,OK,40109,Oklahoma,2,2,Hail,149.8,3.16,0.0,13.3,219462,7.0,63968.0,3796.0,474348.0,1,70485,910,48,wood,15.9,52.8,58.1,693810.0,12.298938932368428,13.06969861667081,13.449954868105275,0.5708664878550601,1,-0.6217027510811739,0,0,0,0,0,0,0,0,0
2016,OK,40143,Tulsa,1,1,Thunderstorm Wind,133.3,0.0,0.0,6.0,319015,54.0,20102.0,23226.0,2339712.0,1,74740,1000,52,wood,11.8,60.0,54.6,2658727.0,12.672996537248986,14.66553883023916,14.793358370897234,0.41162829483975544,0,-0.1554467619353938,0,0,0,0,1,0,0,0,0
2016,OR,41051,Multnomah,1,1,Thunderstorm Wind,0.0,0.0,0.0,11.9,1,52.0,107154.0,12294.0,6211296.0,1,84631,1809,54,wood,14.7,73.5,64.6,6211297.0,0.6931471805599453,15.641880288784911,15.641880449781867,0.21190199625269823,0,0.02495609637506837,0,0,0,0,0,0,0,0,0
2016,PA,42101,Philadelphia,1,1,Flash Flood,64.3,0.0,0.18,4.6,20682,38.0,53106.0,7464.0,2301660.0,1,64907,12659,72,masonry,14.5,73.8,81.8,2322342.0,9.937067385799324,14.64914159417032,14.658087147815747,0.32332132679150477,0,-0.7394319244139318,0,0,1,0,0,0,0,0,1
2016,SC,45045,Greenville,1,1,Thunderstorm Wind,70.6,0.0,0.0,5.6,10281,8.0,20624.0,24696.0,362560.0,1,72013,537,42,wood,5.5,71.3,45.2,372841.0,9.23815007261545,12.80094801498214,12.828910016392012,0.3043694836627848,0,0.8442420724216954,0,0,0,0,0,0,0,0,0
2016,TN,47037,Davidson,1,1,Hail,103.6,1.09,0.0,8.2,26811,23.0,40557.0,11328.0,1193355.0,1,73117,1370,47,wood,17.1,71.4,53.3,1220166.0,10.196604827477849,13.99228006394179,14.01449829258741,0.4089512545418201,0,0.024726249501640696,0,0,0,0,0,0,0,0,0
2016,TX,48113,Dallas,1,1,Tornado,101.5,3.08,0.0,3.6,110341,25.0,30498.0,2056.0,813850.0,1,81693,3058,46,wood,17.2,64.5,38.4,924191.0,11.611339912455154,13.609532581546542,13.736675121245803,0.47113367940906037,1,0.12573973001835106,0,0,0,0,0,0,0,0,0
2016,TX,48141,El Paso,1,1,Thunderstorm Wind,52.8,0.0,0.0,8.5,65651,24.0,34070.0,10184.0,1062096.0,1,63452,857,44,masonry,11.5,57.2,55.1,1127747.0,11.092123343851826,13.875755813712853,13.935733281826375,0.3382756855937621,0,-0.19342184933072812,0,0,0,0,0,0,0,0,0
2016,TX,48439,Tarrant,1,1,Hail,101.8,3.12,0.0,11.7,19514,72.0,37201.0,10183.0,3411648.0,1,83228,2417,42,wood,12.1,56.1,47.3,3431162.0,9.878938679614715,15.042706310086288,15.048409828727273,0.5121957469985945,1,0.08238752753983916,0,0,0,0,0,0,0,0,0
2016,UT,49035,Salt Lake,2,2,Flash Flood,90.4,0.0,1.79,8.1,141661,21.0,73028.0,42805.0,2432493.0,1,95195,1501,44,masonry,9.2,63.4,48.5,2574154.0,11.8611992175194,14.704427626441104,14.761031882885423,0.43290595991856956,0,0.5266800466671044,0,0,1,0,0,0,0,0,0
2016,VA,51059,Fairfax,1,1,Winter Storm,49.3,0.0,0.0,11.9,19870,75.0,17381.0,55845.0,5491950.0,1,159448,3013,50,wood,16.3,67.7,61.0,5511820.0,9.897016661405816,15.518794123761733,15.522405616547449,0.3558150182528805,0,0.5904972219615556,0,0,0,0,0,0,0,1,0
2016,WA,53033,King,1,1,Thunderstorm Wind,52.0,0.0,0.0,0.8,4318,4.0,22495.0,10359.0,131416.0,1,118006,1045,48,wood,7.0,73.1,52.6,135734.0,8.3707791729607,11.786130752615595,11.818459734453343,0.24323504733888338,0,1.0311486967072168,0,0,0,0,0,0,0,1,0
2016,WI,55079,Milwaukee,1,1,Thunderstorm Wind,33.7,0.0,0.0,11.1,20112,74.0,15304.0,6204.0,1591592.0,1,62579,6751,66,wood,7.9,67.2,75.8,1611704.0,9.909121651153221,14.280245959435266,14.292803182820323,0.32830105470598997,0,-0.41781925210325577,0,0,0,0,0,0,0,0,1
2017,AL,01097,Mobile,2,2,Flash Flood,129.4,0.0,3.55,7.5,149239,51.0,42619.0,14478.0,2911947.0,1,64483,482,55,wood,6.6,69.9,62.8,3061186.0,11.913311027335094,14.884332830996415,14.934313307208246,0.512561493330508,1,0.15900113286571277,0,0,1,0,0,0,0,0,0
2017,AZ,04013,Maricopa,1,1,Flash Flood,54.0,0.0,0.02,6.4,89593,106.0,12337.0,3640.0,1693562.0,1,78302,544,35,masonry,11.3,70.1,42.3,1783155.0,11.4030436324351,14.342345151610909,14.393895386007333,0.3353978580051811,0,0.7321845997281121,0,0,1,0,0,0,0,0,0
2017,AR,05119,Pulaski,1,1,Thunderstorm Wind,117.3,0.0,0.0,10.5,451019,44.0,23906.0,18823.0,1880076.0,1,68666,426,49,wood,17.8,62.2,55.5,2331095.0,13.01926696339957,14.446823291414207,14.66184910121104,0.4272500026568611,0,-0.4189488641704412,0,0,0,0,1,0,0,0,0
2017,CA,06037,Los Angeles,2,2,Thunderstorm Wind,87.2,0.0,0.0,7.5,38732,7.0,71756.0,16555.0,618177.0,1,97253,2614,58,wood,16.3,58.8,72.2,656909.0,10.564447228842829,13.334531720858301,13.395302301781898,0.34830109167109935,0,-0.6005584253973069,0,0,0,0,0,0,0,0,0
2017,CO,08041,El Paso,1,1,Hail,53.6,2.63,0.0,11.4,21476,91.0,14718.0,16381.0,2830009.0,1,83570,304,41,wood,14.4,69.1,38.6,2851485.0,9.974737874064294,14.855790803182082,14.863350819870027,0.4534906034872573,0,0.5294464134355078,0,0,0,0,0,0,0,0,0
2017,FL,12086,Miami-Dade,2,2,Flash Flood,214.8,0.0,3.65,10.4,315587,85.0,45530.0,16899.0,5306465.0,1,66520,1485,51,masonry,15.3,72.6,67.6,5622052.0,12.662192844417282,15.48443663492708,15.542207457654268,0.6124120980771227,1,-0.19614296349644209,1,0,1,0,1,0,0,0,0
2017,GA,13089,Dekalb,1,1,Thunderstorm Wind,90.9,0.0,0.0,7.0,5427,3.0,26341.0,24501.0,152526.0,1,78986,2835,53,wood,15.8,61.3,63.0,157953.0,8.59932602095476,11.935096908538576,11.970059130379342,0.3131397287623516,0,-0.4330179649023235,0,0,0,0,0,0,0,0,0
2017,IL,17031,Cook,2,1,Thunderstorm Wind,94.6,0.0,0.0,14.0,66363,8.0,23843.0,11115.0,279664.0,1,83807,6091,65,wood,10.7,61.9,82.3,346027.0,11.102910019763247,12.541347737287909,12.754274975621113,0.39076971679672406,0,-0.6156717966401282,0,0,0,0,0,0,0,0,1
2017,IN,18097,Marion,1,1,Hail,113.0,0.81,0.0,4.9,563993,7.0,85671.0,12870.0,689787.0,1,70502,2460,59,wood,6.2,62.4,76.4,1253780.0,13.242798892125737,13.444139582986793,14.041674343775137,0.4168256022275966,0,-0.28416722394191063,0,0,0,0,1,0,0,0,0
2017,IA,19153,Polk,1,1,Tornado,137.0,2.97,0.0,1.0,142166,2.0,22421.0,20331.0,85504.0,1,81492,567,51,wood,17.8,57.4,56.3,227670.0,11.864757701908898,11.356330132747154,12.335656883378643,0.46245417407037054,0,-0.5006649648035991,0,0,0,0,0,0,0,0,0
2017,KS,20173,Sedgwick,2,2,Hail,127.6,2.87,0.0,17.1,77509,32.0,72673.0,7573.0,2567872.0,1,74070,575,53,wood,17.6,55.5,63.0,2645381.0,11.258162239275556,14.758588487740399,14.788326036286929,0.567131297432376,1,-0.7601291765244749,0,0,0,0,0,0,0,0,0
2017,LA,22071,Orleans,1,1,Hurricane (Typhoon),101.1,0.0,4.38,6.6,50172,162.0,35104.0,9151.0,7169310.0,1,54395,2208,65,wood,16.0,58.3,72.1,7219482.0,10.823232312381798,15.78532011311879,15.792293901656931,0.5046174942104847,1,-1.134370599267151,0,0,1,0,0,1,0,0,0
2017,MI,26081,Kent,2,1,Flash Flood,73.8,0.0,1.45,8.9,195837,33.0,15481.0,3309.0,620070.0,1,83962,701,55,wood,15.7,59.2,60.4,815907.0,12.18504306583565,13.337589266593834,13.612056882491999,0.4065390740161592,0,-0.4455643498195185,0,0,1,0,0,0,0,0,0
2017,MN,27003,Anoka,2,2,Hail,83.0,0.16,0.0,19.0,45670,18.0,37566.0,4848.0,763452.0,1,94031,767,51,wood,13.6,59.4,62.8,809122.0,10.729218802151282,13.545606843134358,13.603706224038794,0.42135374052515023,0,-0.19435110544496131,0,0,0,0,0,0,0,0,0
2017,MS,28049,Hinds,1,1,Tornado,105.4,2.55,0.0,5.6,363963,18.0,18552.0,7159.0,462798.0,1,55298,315,59,wood,16.5,71.5,63.9,826761.0,12.80481024062894,13.045048113538737,13.625272145404562,0.47396078653990165,1,-0.4941325779590476,0,0,0,0,1,0,0,0,0
2017,MO,29095,Jackson,1,1,Thunderstorm Wind,101.6,0.0,0.0,6.2,60025,307.0,65156.0,22079.0,26781145.0,1,72518,1610,57,wood,12.0,53.4,74.4,26841170.0,11.002533080675796,17.1032086904409,17.105447498028113,0.3903357911090261,0,-0.7926479944384157,0,0,0,0,0,1,1,0,0
2017,NE,31055,Douglas,1,1,Hail,88.9,2.58,0.0,10.9,72032,88.0,18038.0,5142.0,2039840.0,1,83377,1546,51,wood,18.0,52.8,53.4,2111872.0,11.184879626328886,14.528382421606358,14.563085789424496,0.487198701395312,1,-0.5961363415453922,0,0,0,0,0,0,0,0,0
2017,NV,32003,Clark,1,1,Winter Storm,77.9,0.0,0.0,2.0,100821,23.0,33983.0,13170.0,1084519.0,1,79297,528,41,masonry,17.7,73.4,38.3,1185340.0,11.521111864773728,13.896648050757213,13.985541054868413,0.32542550859307384,0,0.45558562111346096,0,0,0,0,0,0,0,0,0
2017,NJ,34013,Essex,1,1,Thunderstorm Wind,38.4,0.0,0.0,7.1,99716,24.0,49184.0,13685.0,1508856.0,1,83780,6568,71,masonry,16.9,59.2,90.6,1608572.0,11.510091452949094,14.22686296851466,14.290858008529442,0.32697661253532967,0,-1.2700583991643781,0,0,0,0,0,0,0,0,1
2017,NY,36029,Erie,4,3,Flash Flood,87.7,0.0,2.82,18.9,125857,76.0,88080.0,829.0,6757084.0,1,76206,746,68,wood,14.6,71.6,73.2,6882941.0,11.74290956628249,15.726102142002325,15.74455673478681,0.5303930673393976,1,-0.5025804160278067,0,0,1,0,0,0,0,0,0
2017,NC,37119,Mecklenburg,1,1,Tornado,114.1,2.41,0.0,7.6,107240,198.0,29526.0,6917.0,7215714.0,1,87718,1115,41,wood,9.2,52.4,47.7,7322954.0,11.582833917185196,15.791771844379216,15.806524493001794,0.4968874475176394,1,0.1733655310845511,0,0,0,0,0,1,0,0,0
2017,OH,39035,Cuyahoga,1,1,Flash Flood,28.4,0.0,1.22,7.0,15594,46.0,143666.0,5453.0,6859474.0,1,69278,3095,67,wood,15.4,69.3,80.6,6875068.0,9.654705629041903,15.741141466161206,15.743412237830182,0.34561103878148475,0,-0.7778454668158101,0,0,1,0,0,0,0,0,0
2017,OH,39049,Franklin,1,1,Tornado,62.4,0.12,0.0,2.4,1925,161.0,53724.0,11692.0,10531976.0,1,79409,1610,49,wood,13.9,71.4,59.2,10533901.0,7.563200592358071,16.169926615775214,16.17010937577354,0.2945366482105635,0,0.12687915503164598,0,0,0,0,0,1,1,0,0
2017,OK,40109,Oklahoma,1,1,Tornado,92.3,2.19,0.0,0.6,39030,484.0,15725.0,6882.0,10941788.0,1,71669,917,49,wood,13.0,57.3,63.1,10980818.0,10.572111481163375,16.20809986992519,16.211660581427886,0.42301015264172936,0,-0.40768726349274537,0,0,0,0,0,1,1,0,0
2017,OK,40143,Tulsa,1,1,Hail,49.7,3.92,0.0,0.5,3821,24.0,5219.0,4481.0,232800.0,1,72109,1014,53,wood,11.3,59.0,66.9,236621.0,8.248529124800218,12.35793929036284,12.374219210142822,0.3956437322772364,0,-0.39161778760444294,0,1,0,0,0,0,0,0,0
2017,OR,41051,Multnomah,1,1,Thunderstorm Wind,46.3,0.0,0.0,8.1,66243,31.0,65376.0,32496.0,3034032.0,1,82899,1803,55,wood,9.9,66.0,62.3,3100275.0,11.101100173709382,14.925403315561852,14.947001697750302,0.3402980025126941,0,0.0406203529129999,0,0,0,0,0,0,0,0,0
2017,PA,42101,Philadelphia,1,1,Flash Flood,77.4,0.0,1.16,7.9,182746,25.0,53326.0,10948.0,1606850.0,1,62233,12781,73,masonry,16.2,63.9,79.8,1789596.0,12.11585796160861,14.289786921068114,14.397501012804394,0.4028231872940397,0,-1.1591526532621867,0,0,1,0,0,0,0,0,1
2017,SC,45045,Greenville,2,2,Hail,108.1,1.52,0.0,8.200000000000001,425550,81.0,10154.0,16117.0,2127951.0,1,72496,528,43,wood,11.2,65.3,54.8,2553501.0,12.961140078802476,14.570670572798296,14.75297630830822,0.4663189287169982,0,0.18961253882984924,0,0,0,0,1,0,0,0,0
2017,TN,47157,Shelby,1,1,Thunderstorm Wind,70.9,0.0,0.0,10.2,12652,25.0,46251.0,2230.0,1212025.0,1,72587,1464,53,wood,7.1,58.1,63.2,1224677.0,9.445649620189263,14.007803897526518,14.018188510265114,0.3441937337003315,0,-0.13634327081426342,0,0,0,0,0,0,0,0,0
2017,TX,48029,Bexar,3,2,Tornado,117.9,2.94,0.0,16.900000000000002,60514,9.0,38736.0,7478.0,415926.0,1,77190,1120,41,masonry,6.8,58.6,59.7,476440.0,11.010646547172705,12.938265043075617,13.074099174892812,0.5422267283727084,1,0.21664707314360748,0,0,0,0,0,0,0,0,0
2017,TX,48439,Tarrant,1,1,Thunderstorm Wind,134.2,0.0,0.0,5.3,8906,2.0,60352.0,6322.0,133348.0,1,83397,2441,43,wood,5.5,68.0,51.2,142254.0,9.09459276343187,11.800725030519425,11.865376500755739,0.341490583788478,0,0.7362992264332215,0,0,0,0,0,0,0,0,0
2017,UT,49035,Salt Lake,1,1,Flash Flood,31.2,0.0,1.33,4.1,23952,34.0,64373.0,6431.0,2407336.0,1,94022,1487,45,masonry,9.1,67.6,50.9,2431288.0,10.083848855954896,14.69403171527406,14.703932127351342,0.32995683250452584,0,0.5997097502084048,0,0,1,0,0,0,0,0,0
2017,VA,51059,Fairfax,3,2,Flash Flood,76.5,0.0,1.5,18.2,62706,71.0,8977.0,23775.0,2325392.0,1,165547,2995,51,wood,11.0,67.4,57.7,2388098.0,11.046228363132647,14.659399614977316,14.686008209921733,0.46217013540939833,0,0.9516168654890341,0,0,1,0,0,0,0,1,0
2017,WA,53033,King,1,1,Thunderstorm Wind,32.8,0.0,0.0,4.5,8373,53.0,11733.0,9461.0,1123282.0,1,121246,1034,49,wood,10.5,73.6,59.3,1131655.0,9.032886946579088,13.931766205534904,13.939192604636482,0.27630070395531564,0,0.771006193618945,0,0,0,0,0,0,0,1,0
2017,WI,55079,Milwaukee,1,1,Winter Storm,85.9,0.0,0.0,3.7,22684,15.0,12514.0,24925.0,561585.0,1,59738,6757,67,wood,16.6,62.2,87.0,584269.0,10.029459192098065,13.238520202608083,13.278118483736472,0.31832512921867057,0,-1.2556562916415843,0,0,0,0,0,0,0,0,1
2018,AL,01073,Jefferson,1,1,Hail,106.8,1.92,0.0,11.6,64729,14.0,18261.0,6147.0,341712.0,1,70654,741,52,wood,7.7,64.6,64.0,406441.0,11.077980051539555,12.741726482448462,12.915196516363224,0.46246734920402544,0,0.02747875419296173,0,0,0,0,0,0,0,0,0
2018,AZ,04013,Maricopa,1,1,Thunderstorm Wind,54.1,0.0,0.0,2.2,11815,36.0,105151.0,15730.0,4351716.0,1,79725,562,36,masonry,15.6,57.1,41.8,4363531.0,9.377209824211215,15.286081037830002,15.28879237912112,0.29551575460464335,0,0.09122294992401656,0,0,0,0,0,0,0,0,0
2018,AR,05119,Pulaski,1,1,Hail,80.9,1.39,0.0,11.3,38209,28.0,210854.0,12086.0,6242320.0,1,70897,425,50,wood,13.4,60.0,61.6,6280529.0,10.550852540440946,15.646862626315656,15.65296492978779,0.43958939348422993,0,-0.345918022684217,0,0,0,0,0,0,0,0,0
2018,CA,06073,San Diego,1,1,Winter Storm,53.5,0.0,0.0,4.2,76889,15.0,41240.0,24742.0,989730.0,1,103628,820,46,wood,14.2,63.8,64.1,1066619.0,11.250131108026226,13.805188468017256,13.880005328144787,0.31523014463453286,0,0.07843559495063787,0,0,0,0,0,0,0,0,0
2018,CO,08031,Denver,1,1,Thunderstorm Wind,45.7,0.0,0.0,9.3,74978,66.0,54349.0,17228.0,4724082.0,1,92019,4960,54,wood,7.3,62.1,65.0,4799060.0,11.224963353311129,15.368184026001096,15.383930831741052,0.35209922780408626,0,0.11794602366385731,0,0,0,0,0,0,0,0,0
2018,FL,12057,Hillsborough,1,1,Thunderstorm Wind,154.2,0.0,0.0,3.7,217561,43.0,99431.0,6473.0,4553872.0,1,72992,1475,46,masonry,6.4,56.0,57.8,4771433.0,12.290239146360978,15.33148863764559,15.37815744661552,0.4160219316163875,0,0.05076110052313805,0,0,0,0,0,0,0,0,0
2018,GA,13089,Dekalb,1,1,Tornado,101.3,1.05,0.0,5.4,23498,40.0,48430.0,12815.0,2449800.0,1,84212,2883,54,wood,11.6,61.9,63.5,2473298.0,10.064713146035349,14.711517354732226,14.721063444977489,0.39428623542632546,0,-0.16772284409611374,0,0,0,0,0,0,0,0,0
2018,IL,17031,Cook,1,1,Flash Flood,90.3,0.0,0.0,5.4,92468,36.0,15495.0,15357.0,1110672.0,1,84205,6175,66,wood,7.6,64.4,73.2,1203140.0,11.434628732195051,13.920476695865416,14.000446195071158,0.35386207493452343,0,-0.24756252946158125,0,0,0,0,0,0,0,0,1
2018,IN,18097,Marion,1,1,Thunderstorm Wind,112.4,0.0,0.0,10.3,100485,749.0,204001.0,6272.0,157494477.0,1,75562,2547,60,wood,17.0,68.3,74.8,157594962.0,11.51777369329505,18.874900955297875,18.8755387742174,0.4439803987409881,0,-0.6162655673643647,0,0,0,0,0,1,1,0,0
2018,IA,19153,Polk,1,1,Hail,99.5,2.04,0.0,5.5,37574,9.0,37214.0,13546.0,456840.0,1,80723,575,52,wood,16.7,67.5,63.5,494414.0,10.534094214621176,13.032090688112326,13.1111305244712,0.4225422953984377,0,-0.2555070585512761,0,0,0,0,0,0,0,0,0
2018,KS,20091,Johnson,3,1,Hail,143.2,3.39,0.0,13.9,100245,84.0,72302.0,19995.0,7752948.0,1,109073,1108,44,wood,6.5,63.3,48.6,7853193.0,11.515382444123404,15.86358384508066,15.876430885986677,0.5937236059992638,1,0.7963778838633855,0,0,0,0,0,0,0,0,0
2018,KS,20173,Sedgwick,1,1,Tornado,107.7,3.18,0.0,11.4,16524,58.0,51816.0,10868.0,3635672.0,1,76654,577,54,wood,7.2,61.7,62.5,3652196.0,9.712629664719888,15.106304796241803,15.110839462287029,0.5160072606549719,1,0.0035675797606893544,0,0,0,0,0,0,0,0,0
2018,LA,22033,East Baton Rouge,1,1,Hurricane (Typhoon),127.8,0.0,3.27,8.6,190614,10.0,72834.0,16032.0,888660.0,1,68848,594,52,wood,6.2,67.9,70.2,1079274.0,12.158010965951398,13.697471114438203,13.89180007738386,0.5019618490871792,1,0.10102734851136845,0,0,1,0,0,0,0,0,0
2018,MI,26081,Kent,1,1,Thunderstorm Wind,64.2,0.0,0.0,11.4,41395,69.0,20785.0,8064.0,1990581.0,1,84134,712,56,wood,16.8,52.3,62.9,2031976.0,10.630939536788064,14.503937616253468,14.524519768718813,0.36404350017210074,0,-0.7793396053426841,0,0,0,0,0,0,0,0,0
2018,MN,27003,Anoka,1,1,Thunderstorm Wind,96.2,0.0,0.0,9.6,118282,19.0,77413.0,15237.0,1760350.0,1,100934,761,52,wood,15.1,65.8,58.4,1878632.0,11.680835337188897,14.381023778948634,14.446054942661023,0.38958361706183475,0,0.043636275931896236,0,0,0,0,0,0,0,0,0
2018,MN,27053,Hennepin,3,1,Tornado,107.3,1.28,0.0,20.8,178531,65.0,32775.0,19211.0,3379090.0,1,91830,2059,60,wood,7.4,53.8,72.8,3557621.0,12.092523135843262,15.03311729637848,15.084602902103736,0.5230476915028764,1,-0.38497336037603325,0,0,0,1,0,0,0,0,0
2018,MS,28049,Hinds,1,1,Tornado,163.9,2.86,0.0,11.3,321159,36.0,56260.0,18585.0,2694420.0,1,52224,313,60,wood,7.7,62.7,74.1,3015579.0,12.67969472029862,14.806693896942765,14.919302741118356,0.578371684933093,1,-0.5104456580636377,0,0,0,0,1,0,0,0,0
2018,MO,29095,Jackson,1,1,Hail,119.8,1.83,0.0,9.9,32964,17.0,34042.0,11356.0,771766.0,1,71897,1657,58,wood,15.8,60.4,58.7,804730.0,10.4032016715474,13.556437969980559,13.598263339065625,0.4586216491232485,0,-0.5566412069114337,0,0,0,0,0,0,0,0,0
2018,NE,31055,Douglas,1,1,Hail,68.5,2.4,0.0,7.9,13498,22.0,63585.0,8764.0,1591678.0,1,90804,1535,52,wood,5.8,65.3,56.6,1605176.0,9.510370887608827,14.280299991889937,14.288744588839652,0.4254643021594166,0,0.45359661151982034,0,0,0,0,0,0,0,0,0
2018,NV,32003,Clark,3,2,Flash Flood,52.5,0.0,1.44,24.200000000000003,49812,124.0,29634.0,11694.0,5124672.0,1,77184,532,42,masonry,5.8,52.8,51.9,5174484.0,10.816031273123349,15.449577276075079,15.459250375255358,0.4807305997105849,1,0.18470994917928535,0,0,1,1,0,1,0,0,0
2018,NJ,34013,Essex,1,1,Winter Storm,56.5,0.0,0.0,11.3,18908,62.0,27147.0,6212.0,2068258.0,1,81761,6776,72,masonry,17.8,58.7,83.5,2087166.0,9.84739327818122,14.542217748547857,14.551318202024243,0.34874263049580817,0,-1.2634643850265508,0,0,0,0,0,0,0,0,1
2018,NY,36029,Erie,1,1,Winter Storm,43.4,0.0,0.0,6.3,12665,66.0,77479.0,15633.0,6145392.0,1,73845,768,69,wood,12.7,52.8,77.6,6158057.0,9.446676517076376,15.631213253371774,15.633272026064644,0.31471143146371533,0,-1.109552988924334,0,0,0,0,0,0,0,0,0
2018,NY,36103,Suffolk,2,1,Winter Storm,73.6,0.0,0.0,11.5,29177,5.0,85890.0,3853.0,448715.0,1,122592,1724,64,wood,7.6,59.1,79.3,477892.0,10.28117027963184,13.014145449897523,13.077142137043198,0.35470218823813654,0,-0.10994058603858922,0,0,0,0,0,0,0,1,0
2018,NC,37119,Mecklenburg,2,1,Thunderstorm Wind,88.5,0.0,0.0,16.4,135829,7.0,46233.0,8394.0,382389.0,1,87863,1124,42,wood,10.6,59.5,55.5,518218.0,11.819159382816537,12.854196309189835,13.158153211818151,0.4109470561360749,0,0.18945424227919067,0,0,0,0,0,0,0,0,0
2018,OH,39049,Franklin,2,2,Thunderstorm Wind,97.3,1.67,0.0,2.0,95703,4.0,11484.0,2936.0,57680.0,1,77851,1662,50,wood,6.8,68.9,52.1,153383.0,11.46901537385074,10.962683108840446,11.940699859998228,0.3788465051512225,0,0.4990330822604969,0,0,0,0,0,0,0,0,0
2018,OK,40143,Tulsa,1,1,Tornado,137.5,1.74,0.0,8.4,97045,27.0,22084.0,10498.0,879714.0,1,75787,1000,54,wood,6.7,71.6,68.0,976759.0,11.48294037187965,13.687353270362872,13.791996250899206,0.4738872226069828,1,0.2541245615582781,0,0,0,0,0,0,0,0,0
2018,OR,41051,Multnomah,2,2,Thunderstorm Wind,71.8,0.0,0.0,12.1,105880,239.0,58907.0,16842.0,18104011.0,1,90168,1844,56,wood,15.7,67.9,81.7,18209891.0,11.570071100950763,16.71164412913223,16.717475520878956,0.4043636929316294,0,-0.45241213833602234,0,0,0,0,0,1,1,0,0
2018,PA,42101,Philadelphia,1,1,Flash Flood,61.4,0.0,1.01,9.7,60304,43.0,46821.0,31645.0,3374038.0,1,66945,12751,74,masonry,10.9,54.2,93.0,3434342.0,11.007170298017343,15.031621101001685,15.049336198969295,0.39016316644901683,0,-1.362346346306292,0,0,1,0,0,0,0,0,1
2018,SC,45045,Greenville,1,1,Hail,107.9,0.05,0.0,6.7,888518,252.0,78161.0,11782.0,22665636.0,1,79463,537,44,wood,17.5,54.9,50.1,23554154.0,13.697311310703856,16.93636054696987,16.974812795985226,0.42983104889749785,0,-0.3583639021435326,0,0,0,0,1,1,1,0,0
2018,TN,47037,Davidson,1,1,Thunderstorm Wind,82.8,0.0,0.0,10.7,165878,24.0,94980.0,28026.0,2952144.0,1,81275,1365,49,wood,10.1,60.0,58.0,3118022.0,12.019013885887842,14.898042582737382,14.952709705096066,0.39401759656035296,0,0.0008586513825769055,0,0,0,0,0,0,0,0,0
2018,TX,48029,Bexar,2,2,Hail,103.5,2.4,0.0,4.3,56600,2.0,23207.0,7654.0,61722.0,1,75704,1138,42,masonry,12.4,72.7,43.9,118322.0,10.943781931879723,11.030411911906333,11.681173452032823,0.41978818814507113,0,0.5769543717937856,0,0,0,0,0,0,0,0,0
2018,TX,48141,El Paso,1,1,Winter Storm,83.4,0.0,0.0,3.9,29712,33.0,90421.0,4609.0,3135990.0,1,60050,885,46,masonry,9.1,56.9,50.5,3165702.0,10.299339939461232,14.958455790550358,14.96788570579974,0.33585599104435726,0,-0.07493616091929535,0,0,0,0,0,0,0,0,0
2018,UT,49035,Salt Lake,2,1,Winter Storm,55.0,0.0,0.0,11.8,47317,26.0,25457.0,4164.0,770146.0,1,95521,1507,46,masonry,16.9,67.1,50.0,817463.0,10.764646051772234,13.554336684699955,13.613962144086655,0.35237757999247526,0,0.17850044614285424,0,0,0,0,0,0,0,0,0
2018,VA,51059,Fairfax,2,2,Thunderstorm Wind,58.7,0.0,0.0,4.7,72993,8.0,28420.0,1299.0,237752.0,1,169644,3015,52,wood,6.5,57.9,54.8,310745.0,11.198132524971777,12.378987598624557,12.646731137206443,0.3089518768654426,0,0.951662342079582,0,0,0,0,0,0,0,1,0
2018,WA,53033,King,2,2,Flash Flood,69.2,0.0,0.0,10.3,65557,48.0,23007.0,16628.0,1902480.0,1,130610,1038,50,wood,6.8,67.1,64.4,1968037.0,11.09069052598609,14.458669381808713,14.49254766535101,0.36651187269214547,0,0.7521662761828534,0,0,0,0,0,0,0,1,0
2018,WI,55079,Milwaukee,1,1,Thunderstorm Wind,43.1,0.0,0.0,7.9,5143,32.0,33707.0,15311.0,1568576.0,1,64230,6792,68,wood,11.4,53.4,81.3,1573719.0,8.545586265917455,14.265679396896605,14.268952801410785,0.3011972001008459,0,-1.149717570762898,0,0,0,0,0,0,0,0,1
2019,AL,01097,Mobile,2,2,Hurricane (Typhoon),119.9,0.0,3.08,10.1,148516,27.0,57263.0,9346.0,1798443.0,1,64050,495,57,wood,16.9,68.4,64.0,1946959.0,11.90845470878725,14.402432404574387,14.481779739715973,0.5023439174713875,1,-0.49584914708580907,0,0,1,0,0,0,0,0,0
2019,AZ,04013,Maricopa,1,1,Winter Storm,56.5,0.0,0.0,6.2,73655,109.0,33783.0,5743.0,4308334.0,1,83045,552,37,masonry,12.3,53.2,40.3,4381989.0,11.207160884967681,15.276062076537778,15.29301351707196,0.3415814591180386,0,0.1775679760207648,0,0,0,0,0,0,0,0,0
2019,AR,05119,Pulaski,3,2,Tornado,103.4,2.23,0.0,23.6,201964,68.0,27727.0,29900.0,3918636.0,1,66910,425,51,wood,14.6,59.1,57.6,4120600.0,12.215849694044092,15.181254447221933,15.23150958447357,0.5758152060190277,1,-0.4338043685911267,0,0,0,1,0,0,0,0,0
2019,CA,06073,San Diego,1,1,Flash Flood,3.2,0.0,0.06,4.4,290,19.0,64569.0,11026.0,1436305.0,1,107495,829,47,wood,8.2,72.2,61.2,1436595.0,5.673323267171493,14.177585097811454,14.17778698426702,0.21769011610222458,0,0.7272234261414796,0,0,1,0,0,0,0,0,0
2019,CO,08031,Denver,1,1,Tornado,40.1,1.98,0.0,8.9,100921,6.0,87500.0,13450.0,605700.0,1,89276,4936,55,wood,17.0,58.7,65.5,706621.0,11.522103220235994,13.31414174395001,13.468251148435234,0.40767929140555,0,-0.558101741236874,0,0,0,0,0,0,0,0,0
2019,CO,08041,El Paso,1,1,Tornado,76.8,3.99,0.0,10.8,13911,8.0,19932.0,5700.0,205056.0,1,82942,312,43,wood,6.6,60.9,49.3,218967.0,9.54050705603412,12.231043268252634,12.296680879400796,0.49265474476833027,1,0.4759228924911625,0,1,0,0,0,0,0,0,0
2019,FL,12086,Miami-Dade,1,1,Flash Flood,142.7,0.0,3.83,0.8,16553,70.0,38613.0,3930.0,2978010.0,1,72586,1536,53,masonry,16.2,67.8,57.2,2994563.0,9.714383043445341,14.906766185973467,14.912309202974544,0.4669967974443932,0,-0.21891898641254554,0,0,1,0,0,0,0,0,0
2019,FL,12095,Orange,1,1,Thunderstorm Wind,117.1,0.0,0.0,0.7,79460,286.0,6528.0,9556.0,4600024.0,1,81877,1433,43,masonry,5.7,72.7,54.4,4679484.0,11.283021614237802,15.341572296227163,15.35869861910364,0.3583416722725479,0,0.8125862681693654,0,0,0,0,0,1,0,0,0
2019,GA,13089,Dekalb,2,1,Hail,83.4,1.65,0.0,14.1,74115,10.0,65113.0,23704.0,888170.0,1,84496,2874,55,wood,13.2,70.2,62.2,962285.0,11.213386712402306,13.69691957100312,13.777066982761056,0.4582438238746716,0,0.01591657210284202,0,0,0,0,0,0,0,0,0
2019,IL,17031,Cook,1,1,Flash Flood,75.8,0.0,0.0,1.2,25258,2.0,13161.0,12389.0,51100.0,1,83169,6238,67,wood,17.0,70.4,65.4,76358.0,10.136937806838977,10.841559345471941,11.243201181892225,0.27615206769967265,0,-0.4652044608128407,0,0,0,0,0,0,0,0,1
2019,IL,17167,Sangamon,1,1,Thunderstorm Wind,91.3,0.0,0.0,8.3,14083,40.0,21885.0,8138.0,1200920.0,1,75172,322,59,wood,10.3,64.5,80.3,1215003.0,9.552794680274943,13.998599320380718,14.010257926932436,0.35022648769956377,0,-0.45029995902524844,0,0,0,0,0,0,0,0,0
2019,IN,18097,Marion,2,2,Hail,97.7,1.12,0.0,15.7,78317,14.0,37758.0,3018.0,570864.0,1,74154,2509,61,wood,8.7,57.1,68.0,649181.0,11.268532740616845,13.254908033364313,13.383468387805657,0.45471271248644524,0,-0.46114109956335786,0,0,0,0,0,0,0,0,0
2019,IA,19153,Polk,1,1,Tornado,128.6,2.8,0.0,11.8,1741383,54.0,140150.0,27977.0,9078858.0,1,87297,576,53,wood,11.4,60.2,62.9,10820241.0,14.370190757324794,16.021459081888544,16.196929197121403,0.5818673421727957,1,-0.1544011572980049,0,0,0,0,1,0,1,0,0
2019,KS,20091,Johnson,2,1,Thunderstorm Wind,107.3,0.0,0.0,7.7,49376,30.0,81158.0,3591.0,2542470.0,1,107138,1082,45,wood,11.1,55.7,52.6,2591846.0,10.807240007712178,14.748647000743441,14.767881306934317,0.3803530628623908,0,0.2115879766320247,0,0,0,0,0,0,0,0,0
2019,LA,22033,East Baton Rouge,2,2,Hurricane (Typhoon),141.8,0.0,4.15,10.399999999999999,180301,136.0,36267.0,10769.0,6396896.0,1,70900,582,53,wood,5.2,69.2,53.9,6577197.0,12.10238850175329,15.671323587005164,15.699119376741399,0.5653204589638826,1,0.44451826097172187,0,0,1,0,0,1,0,0,0
2019,LA,22071,Orleans,2,2,Flash Flood,121.0,0.0,4.93,16.6,230195,470.0,67518.0,5294.0,34221640.0,1,59613,2184,67,wood,7.8,73.7,75.2,34451835.0,12.346686398924339,17.34836877969117,17.355072848633732,0.6250312089639981,1,-0.24263007888789007,0,0,1,0,0,1,1,0,0
2019,MI,26081,Kent,1,1,Winter Storm,77.0,0.0,0.0,10.0,14950,4.0,38663.0,5974.0,178548.0,1,86575,722,57,wood,15.0,61.5,63.2,193498.0,9.612533466213927,12.09261835233483,12.173027623479964,0.3327977295367746,0,-0.3903497130482316,0,0,0,0,0,0,0,0,0
2019,MN,27053,Hennepin,1,1,Tornado,59.1,1.13,0.0,8.7,4722,33.0,44050.0,23753.0,2237499.0,1,98263,2060,61,wood,12.8,69.0,60.2,2242221.0,8.460199469896118,14.620869729131147,14.622977896445486,0.3642720352131858,0,0.047064001550350364,0,0,0,0,0,0,0,0,0
2019,MS,28049,Hinds,2,2,Hail,121.6,2.29,0.0,10.0,99577,4.0,29522.0,1898.0,125680.0,1,54522,312,61,wood,12.4,57.4,60.2,225257.0,11.508696535640192,11.741502229613316,12.325001690933133,0.47526163086865375,1,-0.7146325308563534,0,0,0,0,0,0,0,0,0
2019,MO,29095,Jackson,1,1,Thunderstorm Wind,106.4,0.0,0.0,10.4,22431,4.0,13019.0,7171.0,80760.0,1,74866,1661,59,wood,11.8,70.1,77.1,103191.0,10.018243789834317,11.299249454717621,11.544346609644972,0.3556164130854697,0,-0.3054476593894403,0,0,0,0,0,0,0,0,0
2019,NE,31055,Douglas,1,1,Thunderstorm Wind,82.0,0.0,0.0,4.5,144065,35.0,72617.0,21626.0,3298505.0,1,92330,1566,53,wood,11.3,68.6,67.7,3442570.0,11.878026806888832,15.008980196652049,15.051729133918379,0.3569857922948558,0,0.09337273934615582,0,0,0,0,0,0,0,0,0
2019,NV,32003,Clark,2,2,Flash Flood,41.2,0.0,0.0,4.5,23367,6.0,108756.0,7276.0,696192.0,1,82794,527,43,masonry,9.9,73.8,49.3,719559.0,10.059122844067577,13.453382199726912,13.486395193076623,0.29049660055947074,0,0.7108608799626601,0,0,0,0,0,0,0,0,0
2019,NJ,34013,Essex,1,1,Winter Storm,69.5,0.0,0.0,8.2,35384,7.0,43998.0,4166.0,337148.0,1,85476,6657,73,masonry,13.6,66.2,89.6,372532.0,10.474043280509886,12.728280248119475,12.828080903481862,0.33220254029559376,0,-0.8775119105450353,0,0,0,0,0,0,0,0,1
2019,NY,36029,Erie,1,1,Winter Storm,16.9,0.0,0.0,9.1,29070,431.0,13048.0,3046.0,6936514.0,1,82256,778,70,wood,10.3,73.2,86.7,6965584.0,10.277496392686066,15.752310044974449,15.756492153054463,0.3210025150266495,0,-0.4089399405889077,0,0,0,0,0,1,0,0,0
2019,NC,37119,Mecklenburg,1,1,Tornado,53.1,1.53,0.0,3.9,25639,23.0,15295.0,25532.0,939021.0,1,87754,1117,43,wood,14.2,52.5,52.7,964660.0,10.151908911034607,13.75259418709592,13.779532023265674,0.3594285506275581,0,-0.20228062967734042,0,0,0,0,0,0,0,0,0
2019,OH,39049,Franklin,1,1,Thunderstorm Wind,99.6,0.0,0.0,3.2,100701,39.0,54660.0,6258.0,2375802.0,1,82609,1662,51,wood,15.7,66.3,55.2,2476503.0,11.519920939482615,14.680846043569332,14.722358446191842,0.3560940013853295,0,-0.07778867680306895,0,0,0,0,0,0,0,0,0
2019,OK,40143,Tulsa,1,1,Hail,111.4,4.03,0.0,5.2,84985,52.0,58688.0,2404.0,3176784.0,1,77101,1025,55,wood,14.9,54.9,58.5,3261769.0,11.350241816024598,14.97138023705547,14.997780550786976,0.5339469714029146,1,-0.5760944346124435,0,1,0,0,0,0,0,0,0
2019,OR,41051,Multnomah,1,1,Thunderstorm Wind,109.6,0.0,0.0,6.4,18670,4.0,54505.0,7334.0,247356.0,1,85974,1821,57,wood,6.8,58.2,70.1,266026.0,9.834726796965336,12.418587916235204,12.491353086372076,0.34278668204726087,0,-0.1707411554914684,0,0,0,0,0,0,0,0,0
2019,PA,42101,Philadelphia,1,1,Winter Storm,60.7,0.0,0.0,5.5,1806,40.0,13049.0,11384.0,977320.0,1,64827,12730,75,masonry,7.2,59.6,86.0,979126.0,7.499423290592229,13.792570433868503,13.794416637307565,0.2847014142256132,0,-0.9255364543648257,0,0,0,0,0,0,0,0,1
2019,SC,45045,Greenville,1,1,Thunderstorm Wind,58.7,0.0,0.0,11.2,2880,74.0,26289.0,18969.0,3349092.0,1,75165,537,45,wood,7.5,70.4,48.5,3351972.0,7.9658927350845286,15.024200120874205,15.025059685659068,0.3323070811592818,0,0.6326665000092359,0,0,0,0,0,0,0,0,0
2019,TN,47037,Davidson,1,1,Tornado,123.6,1.84,0.0,10.7,121618,36.0,22457.0,11364.0,1217556.0,1,81485,1349,50,wood,7.2,53.6,56.6,1339174.0,11.708648486308444,14.01235695009145,14.107564310681692,0.4857387153002822,1,-0.044698209945563595,0,0,0,0,0,0,0,0,0
2019,TN,47157,Shelby,1,1,Tornado,95.3,0.49,0.0,8.0,114643,54.0,21537.0,6682.0,1523826.0,1,70678,1503,55,wood,10.7,59.3,64.4,1638469.0,11.649586953728658,14.236735491724811,14.30927343752403,0.39705809498084843,0,-0.3629955539923858,0,0,0,0,0,0,0,0,0
2019,TX,48029,Bexar,1,1,Hail,93.2,2.11,0.0,5.1,23702,14.0,15734.0,2036.0,248780.0,1,80474,1127,43,masonry,11.3,64.4,53.1,272482.0,10.073356901390843,12.424328270371602,12.51533150581829,0.4073564715115521,0,0.25675231511097174,0,0,0,0,0,0,0,0,0
2019,TX,48113,Dallas,1,1,Thunderstorm Wind,88.3,0.0,0.0,5.6,20884,3.0,34110.0,10729.0,134517.0,1,82640,3138,49,wood,6.7,71.0,54.4,155401.0,9.946786476931276,11.809453298066012,11.953770586845737,0.31756704716699397,0,0.6002265410375675,0,0,0,0,0,0,0,0,0
2019,TX,48201,Harris,1,1,Flash Flood,112.6,0.0,2.39,11.0,12150,43.0,7295.0,20203.0,1182414.0,1,80790,2953,47,wood,11.0,53.3,61.6,1194564.0,9.405166749908611,13.983069515157853,13.993292660341172,0.4492718696206664,0,-0.28276820973356603,0,0,1,0,0,0,0,0,0
2019,UT,49035,Salt Lake,1,1,Flash Flood,70.3,0.0,0.87,7.2,20462,42.0,27978.0,15364.0,1820364.0,1,100395,1531,47,masonry,6.8,53.9,57.1,1840826.0,9.926373656322829,14.414547588396175,14.42572548513158,0.3606373761210399,0,0.21305249802798,0,0,1,0,0,0,0,0,0
2019,VA,51059,Fairfax,1,1,Winter Storm,49.3,0.0,0.0,5.4,39315,11.0,153049.0,3711.0,1724360.0,1,171385,3115,53,wood,13.8,54.3,65.5,1763675.0,10.57938683968652,14.360367105037076,14.382910825209448,0.31601463199873114,0,0.2837353685107692,0,0,0,0,0,0,0,1,0
2019,WA,53033,King,2,1,Winter Storm,53.7,0.0,0.0,6.4,38204,8.0,41495.0,2222.0,349736.0,1,125805,1035,51,wood,7.4,52.6,56.6,387940.0,10.550721676081666,12.764936722430209,12.868608545187165,0.3107754528683266,0,0.3123039819068223,0,0,0,0,0,0,0,1,0
2019,WI,55079,Milwaukee,1,1,Flash Flood,66.0,0.0,1.07,9.1,67907,84.0,10697.0,14920.0,2151828.0,1,65495,6887,69,wood,15.0,65.6,79.2,2219735.0,11.125909126930525,14.58182873614008,14.612898827858128,0.3894047316768348,0,-0.9264413299606609,0,0,1,0,0,0,0,0,1
2020,AL,01097,Mobile,1,1,Thunderstorm Wind,146.4,0.0,0.0,10.8,65780,164.0,19871.0,10658.0,5006756.0,1,66928,502,58,wood,16.1,57.7,58.4,5072536.0,11.094086321816611,15.42629895807924,15.439351644889117,0.4378796819178048,0,-0.7010644035766478,0,0,0,0,0,1,0,0,0
2020,AZ,04013,Maricopa,1,1,Flash Flood,54.4,0.0,0.0,6.2,38060,7.0,9363.0,22119.0,220374.0,1,88544,552,38,masonry,17.6,68.8,46.2,258434.0,10.546945414808707,12.303085919700171,12.462399490634617,0.3060432196617277,0,0.3371591329406963,0,0,0,0,0,0,0,0,0
2020,AR,05119,Pulaski,2,1,Thunderstorm Wind,94.8,0.0,0.0,18.0,22591,36.0,13482.0,7255.0,746532.0,1,71056,421,52,wood,11.9,62.3,59.8,769123.0,10.025351140292969,13.523195101280361,13.553007483863171,0.4101651126179488,0,-0.20131108503397957,0,0,0,0,0,0,0,0,0
2020,CA,06037,Los Angeles,1,1,Flash Flood,65.8,0.0,0.64,2.8,16859,65.0,35554.0,16571.0,3388125.0,1,103896,2616,61,wood,8.6,61.5,71.2,3404984.0,9.732699231555847,15.035787524145192,15.040751092269703,0.32838962899459573,0,-0.08347731175676745,0,0,1,0,0,0,0,0,0
2020,CO,08031,Denver,1,1,Hail,62.5,3.28,0.0,0.9,42478,4.0,28430.0,7008.0,141752.0,1,91540,4919,56,wood,8.7,53.2,70.0,184230.0,10.656765115149097,11.861841385387208,12.123945683974435,0.40656857463542817,0,-0.35850038655787975,0,0,0,0,0,0,0,0,0
2020,FL,12057,Hillsborough,2,2,Flash Flood,169.7,0.0,4.1,17.5,390364,139.0,49830.0,12263.0,8630927.0,1,77271,1510,48,masonry,6.5,66.7,58.5,9021291.0,12.874837477862782,15.97086258914406,16.015098119031887,0.6380789079412269,1,0.37923007632576555,0,0,1,0,1,1,1,0,0
2020,FL,12095,Orange,1,1,Hurricane (Typhoon),98.0,0.0,2.52,6.3,111692,155.0,23116.0,10499.0,5210325.0,1,81995,1403,44,masonry,7.3,73.4,58.2,5322017.0,11.623509315233239,15.466152983748973,15.4873631127012,0.45340487648684996,0,0.6744698333989709,0,0,1,0,0,1,0,0,0
2020,GA,13089,Dekalb,1,1,Hail,81.9,2.17,0.0,3.6,65249,14.0,45858.0,29942.0,1061200.0,1,82684,2866,56,wood,10.6,54.6,65.3,1126449.0,11.08598132518494,13.874911843574717,13.934581652605289,0.41682236316215,0,-0.4267716306035635,0,0,0,0,0,0,0,0,0
2020,IL,17167,Sangamon,2,1,Tornado,94.9,0.96,0.0,16.4,169561,43.0,37992.0,9439.0,2039533.0,1,78881,322,60,wood,14.0,57.5,77.4,2209094.0,12.040973920631735,14.52823190835343,14.608093487362543,0.47056342545183094,1,-0.8097954950506677,0,0,0,0,0,0,0,0,0
2020,IN,18097,Marion,2,1,Thunderstorm Wind,97.5,0.0,0.0,14.2,216377,73.0,75958.0,24278.0,7317228.0,1,72060,2493,62,wood,17.7,55.4,74.5,7533605.0,12.28478215720042,15.805742262356063,15.834884369609657,0.43670555276263046,0,-1.130989536729797,0,0,0,0,0,0,0,0,0
2020,IA,19153,Polk,1,1,Hail,69.8,2.58,0.0,2.0,3333,53.0,159957.0,9939.0,9004488.0,1,82512,579,54,wood,14.0,57.9,66.2,9007821.0,8.111928063310739,16.01323378872998,16.01360386895323,0.39852329243056933,0,-0.480036338695943,0,0,0,0,0,0,1,0,0
2020,KS,20091,Johnson,1,1,Tornado,123.2,3.16,0.0,2.5,91798,20.0,41067.0,23360.0,1288540.0,1,109554,1110,46,wood,12.0,53.6,55.6,1380338.0,11.427356683303062,14.069021128513986,14.137839679139745,0.48665879917656657,1,0.05517689910295957,0,0,0,0,0,0,0,0,0
2020,LA,22033,East Baton Rouge,2,2,Hurricane (Typhoon),121.3,0.0,4.98,13.4,114813,291.0,42008.0,18456.0,17595024.0,1,72446,604,54,wood,17.5,65.8,66.6,17709837.0,11.65106870665167,16.68312674959501,16.689630862342813,0.5943068416950359,1,-0.5149672499250432,0,0,1,0,0,1,1,0,0
2020,LA,22071,Orleans,1,1,Hurricane (Typhoon),151.1,0.0,4.37,11.9,88097,53.0,118482.0,15269.0,7088803.0,1,61087,2257,68,wood,8.3,72.7,76.7,7176900.0,11.386205110190993,15.774027195985468,15.786378232252698,0.5801202759187637,1,-0.32873473062011577,0,0,1,0,0,0,0,0,0
2020,MI,26081,Kent,1,1,Flash Flood,108.8,0.0,0.0,11.6,48137,35.0,109601.0,10414.0,4200525.0,1,87215,709,58,wood,12.3,59.6,63.2,4248662.0,10.781827164981712,15.2507203135072,15.262114903172046,0.4081468871504879,0,-0.3201906079212379,0,0,0,0,0,0,0,0,0
2020,MN,27003,Anoka,3,2,Hail,102.7,1.83,0.0,20.0,204691,36.0,38580.0,2948.0,1495008.0,1,104335,768,54,wood,16.5,53.4,61.6,1699699.0,12.229261689302872,14.217642784855693,14.345962322865443,0.5306176004343063,1,-0.4804768467392332,0,0,0,0,0,0,0,0,0
2020,MS,28049,Hinds,1,1,Hail,96.8,0.95,0.0,0.9,704060,21.0,52264.0,5091.0,1204455.0,1,53553,324,62,wood,10.6,68.8,69.9,1908515.0,13.464620279113754,14.001538570689473,14.461836534679568,0.39412129858891126,0,-0.4307553045191906,0,0,0,0,1,0,0,0,0
2020,MO,29095,Jackson,1,1,Thunderstorm Wind,91.8,0.0,0.0,3.2,46229,33.0,21506.0,61370.0,2734908.0,1,75534,1654,60,wood,16.6,57.8,71.9,2781137.0,10.74138421698227,14.821608720889799,14.838370754422922,0.3422552703192397,0,-0.886190897377447,0,0,0,0,0,0,0,0,0
2020,NE,31055,Douglas,1,1,Hail,134.0,2.28,0.0,5.6,46148,60.0,29125.0,8388.0,2250780.0,1,89365,1553,54,wood,8.1,59.2,59.2,2296928.0,10.739630571223861,14.62678782506259,14.64708357131106,0.4756772060723042,1,0.04617357888819005,0,0,0,0,0,0,0,0,0
2020,NV,32003,Clark,1,1,Flash Flood,72.8,0.0,0.0,6.1,19910,25.0,39426.0,4604.0,1100750.0,1,81164,533,44,masonry,13.2,68.1,57.1,1120660.0,9.899027621814035,13.911503232089084,13.929429247755824,0.3264311955625927,0,0.20078450065099868,0,0,0,0,0,0,0,0,0
2020,NJ,34013,Essex,1,1,Thunderstorm Wind,9.0,0.0,0.0,3.8,15989,117.0,52192.0,8342.0,7082478.0,1,87535,6641,74,masonry,16.6,63.5,77.2,7098467.0,9.679718805828,15.7731345456277,15.775389544080959,0.2775584223317406,0,-0.9335056300303488,0,0,0,0,0,0,0,0,1
2020,NY,36029,Erie,1,1,Thunderstorm Wind,65.2,0.0,0.0,5.0,12789,39.0,40005.0,8546.0,1893489.0,1,77181,784,71,wood,13.6,57.7,86.6,1906278.0,9.456418894572888,14.453932245084797,14.460663732336895,0.3138467956853818,0,-1.1439626728206886,0,0,0,0,0,0,0,0,0
2020,NY,36103,Suffolk,1,1,Thunderstorm Wind,6.5,0.0,0.0,3.4,1005,84.0,63469.0,10362.0,6201804.0,1,127745,1795,66,wood,17.4,68.4,63.8,6202809.0,6.913737350659685,15.640350936677745,15.640512973145977,0.24005925716563795,0,-0.08656621064433176,0,0,0,0,0,0,0,1,0
2020,NC,37119,Mecklenburg,1,1,Thunderstorm Wind,78.7,0.0,0.0,6.4,23031,29.0,22908.0,10190.0,959842.0,1,89930,1166,44,wood,16.1,62.3,53.7,982873.0,10.044639832292011,13.774525008402955,13.798236211869924,0.3332184967257824,0,-0.0038814920485299165,0,0,0,0,0,0,0,0,0
2020,OH,39049,Franklin,2,2,Hail,107.0,2.03,0.0,11.7,100776,5.0,12344.0,26689.0,195165.0,1,82476,1666,52,wood,12.2,53.4,53.5,295941.0,11.520665433980446,12.181605757462105,12.597918768160337,0.46766113539867504,0,-0.29756254383705116,0,0,0,0,0,0,0,0,0
2020,OK,40109,Oklahoma,1,1,Tornado,151.0,2.24,0.0,5.9,7751,4.0,88241.0,13320.0,406244.0,1,70937,905,52,wood,16.2,61.0,63.5,413995.0,8.955706153570603,12.914711704858036,12.933611590925027,0.4532360202740728,0,-0.5287164252767522,0,0,0,0,0,0,0,0,0
2020,OK,40143,Tulsa,1,1,Thunderstorm Wind,113.6,0.0,0.0,11.0,144385,55.0,41046.0,38851.0,4394335.0,1,78214,1017,56,wood,5.1,67.4,69.4,4538720.0,11.880245547832038,15.295826996913958,15.32815581226587,0.4215489171146441,0,0.16929281343206543,0,0,0,0,0,0,0,0,0
2020,OR,41051,Multnomah,1,1,Flash Flood,46.1,0.0,1.75,11.7,33051,14.0,14489.0,21572.0,504854.0,1,88133,1816,58,wood,11.3,69.9,63.6,537905.0,10.405837357821074,13.132026538315284,13.195439102688805,0.3873789179288492,0,0.06420075425324472,0,0,1,0,0,0,0,0,0
2020,PA,42101,Philadelphia,1,1,Thunderstorm Wind,26.6,0.0,0.0,6.4,13004,104.0,7184.0,6633.0,1436968.0,1,67482,13050,76,masonry,16.0,71.9,83.8,1449972.0,9.473089177882752,14.17804659210752,14.187055493533736,0.2897275261870521,0,-0.9607006250354931,0,0,0,0,0,0,0,0,1
2020,SC,45045,Greenville,1,1,Tornado,90.6,0.76,0.0,10.2,60408,56.0,28240.0,13552.0,2340352.0,1,79455,531,46,wood,15.4,66.5,47.0,2400760.0,11.00889337944504,14.665812330657312,14.69129632839121,0.41294619067514665,0,0.13311905230716797,0,0,0,0,0,0,0,0,0
2020,TN,47037,Davidson,2,2,Hail,108.0,1.59,0.0,7.3999999999999995,149256,86.0,101224.0,14513.0,9953382.0,1,81909,1378,51,wood,6.6,57.9,55.7,10102638.0,11.913424931327553,16.113423051347873,16.128307234810663,0.4658183523009017,0,0.12340865197283783,0,0,0,0,0,0,1,0,0
2020,TN,47157,Shelby,2,1,Tornado,87.4,2.62,0.0,11.6,323685,64.0,32389.0,41702.0,4741824.0,1,71520,1466,56,wood,10.8,72.8,72.0,5065509.0,12.687529189056264,15.371932640666703,15.437965381612702,0.5165021991106682,1,-0.0639812941827059,0,0,0,0,1,0,0,0,0
2020,TX,48029,Bexar,1,1,Hail,39.0,3.6,0.0,5.9,25687,21.0,36663.0,31838.0,1438521.0,1,79762,1157,44,masonry,17.9,62.7,60.7,1464208.0,10.153779235769349,14.179126755565516,14.196825722877058,0.4442297506789448,0,-0.28929497531414927,0,1,0,0,0,0,0,0,0
2020,TX,48201,Harris,2,2,Flash Flood,157.3,0.0,2.65,18.8,1297201,57.0,44341.0,10157.0,3106386.0,1,81498,2985,48,wood,9.2,70.2,51.2,4403587.0,14.075720195196412,14.948970872482262,15.297930221131526,0.5991206052082517,1,0.4985226626370102,0,0,1,0,1,0,0,0,0
2020,UT,49035,Salt Lake,1,1,Thunderstorm Wind,60.5,0.0,0.0,5.7,62739,15.0,74292.0,8149.0,1236615.0,1,96803,1537,48,masonry,10.8,72.3,58.8,1299354.0,11.046754481744669,14.027889174725797,14.077378545460563,0.32891975618992203,0,0.509230528172093,0,0,0,0,0,0,0,0,0
2020,VA,51059,Fairfax,2,2,Thunderstorm Wind,61.8,0.0,0.0,7.5,250854,181.0,44544.0,56183.0,18231587.0,1,165494,3050,54,wood,12.3,55.7,63.8,18482441.0,12.432630361944172,16.718666252021787,16.732331758304856,0.38014231858481073,0,0.3597035599342385,0,0,0,0,1,1,1,1,0
2020,WA,53033,King,1,1,Thunderstorm Wind,74.6,0.0,0.0,5.8,21003,56.0,63065.0,3677.0,3737552.0,1,134143,1057,52,wood,16.5,70.6,62.0,3758555.0,9.95246817475775,15.133941677182541,15.13954539904966,0.3375117628725326,0,0.3809972307216338,0,0,0,0,0,0,0,1,0
2020,WI,55079,Milwaukee,1,1,Thunderstorm Wind,84.2,0.0,0.0,8.7,16207,88.0,81332.0,14901.0,8468504.0,1,63980,6798,70,wood,15.1,70.0,82.8,8484711.0,9.693260226488464,15.951864545736472,15.953776513823382,0.36590088879515936,0,-0.8791555526749981,0,0,0,0,0,0,1,0,1
2021,AL,01073,Jefferson,1,1,Hail,142.1,2.42,0.0,8.1,42263,91.0,27706.0,14677.0,3856853.0,1,77176,744,54,wood,7.1,63.6,59.4,3899116.0,10.651690938844151,15.165362383220089,15.176260675208793,0.5055543784586588,1,0.12164410815594259,0,0,0,0,0,0,0,0,0
2021,AZ,04013,Maricopa,1,1,Thunderstorm Wind,84.0,0.0,0.0,8.2,201087,7.0,26534.0,14002.0,283752.0,1,83960,569,38,masonry,11.1,63.7,44.4,484839.0,12.211497902175239,12.555859420409083,13.091574218584448,0.3620819716038762,0,0.5039003832915995,0,0,0,0,0,0,0,0,0
2021,AR,05119,Pulaski,2,2,Hail,107.9,1.83,0.0,13.4,118303,17.0,41065.0,5422.0,790279.0,1,70695,423,52,wood,10.9,61.8,57.5,908582.0,11.681012861736358,13.580142592027341,13.719641522028947,0.4846022719358176,1,-0.13252108469818522,0,0,0,0,0,0,0,0,0
2021,CA,06037,Los Angeles,2,1,Wildfire,67.1,0.0,0.0,14.6,7648,26.0,20404.0,5455.0,672334.0,1,107115,2620,61,wood,13.9,54.0,65.8,679982.0,8.942330199321866,13.41851200719427,13.429823076839785,0.35557908214189915,0,-0.4917935502344764,0,0,0,0,0,0,0,0,0
2021,CA,06073,San Diego,2,1,Flash Flood,78.3,0.0,0.86,11.399999999999999,103393,31.0,84438.0,8966.0,2895524.0,1,111738,840,48,wood,17.4,55.4,52.5,2998917.0,11.546302212293526,14.878676999698085,14.913762114909852,0.41366466190425627,0,-0.1438576788191379,0,0,1,0,0,0,0,0,0
2021,CO,08031,Denver,1,1,Thunderstorm Wind,57.6,0.0,0.0,10.9,21810,11.0,102388.0,7851.0,1212629.0,1,98173,5002,56,wood,12.7,63.1,67.1,1234439.0,9.990169708671852,14.008302112541344,14.026127983913076,0.34423075387471963,0,-0.14833733892293982,0,0,0,0,0,0,0,0,0
2021,CO,08041,El Paso,3,2,Thunderstorm Wind,75.4,3.1,0.0,13.9,86458,17.0,40281.0,8077.0,822086.0,1,89691,310,44,wood,10.3,54.7,48.0,908544.0,11.367425592112635,13.61960150785378,13.719599697787611,0.5083194849683157,1,0.14628031031741034,0,0,0,0,0,0,0,0,0
2021,FL,12057,Hillsborough,1,1,Flash Flood,111.5,0.0,4.94,7.9,25760,25.0,45208.0,10696.0,1397600.0,1,78795,1481,48,masonry,8.0,53.3,44.0,1423360.0,10.156616999340594,14.150267753314035,14.168531534286894,0.5141347954378414,1,0.10710107213297856,0,0,1,0,0,0,0,0,0
2021,FL,12086,Miami-Dade,1,1,Thunderstorm Wind,114.3,0.0,0.0,7.5,106273,139.0,37265.0,6390.0,6068045.0,1,70737,1534,54,masonry,6.0,70.2,60.6,6174318.0,11.573775943632027,15.618547200173309,15.635909150995843,0.40120269514769874,0,0.31166697426599943,0,0,0,0,0,1,0,0,0
2021,GA,13089,Dekalb,1,1,Hail,82.6,1.43,0.0,8.7,19735,21.0,10218.0,2976.0,277074.0,1,83878,2922,56,wood,17.8,62.9,63.8,296809.0,9.890199658209193,12.532043506643854,12.600847482430147,0.39230184559319975,0,-0.5103254919176882,0,0,0,0,0,0,0,0,0
2021,IL,17167,Sangamon,2,2,Hail,117.1,2.49,0.0,13.9,647367,28.0,47802.0,34883.0,2315180.0,1,83267,319,60,wood,7.9,52.6,71.6,2962547.0,13.38067019076949,14.654998428191266,14.901560266825909,0.5494690447798004,1,-0.5123657120039395,0,0,0,0,1,0,0,0,0
2021,IN,18097,Marion,1,1,Tornado,102.9,1.56,0.0,2.2,24787,69.0,12221.0,5392.0,1215297.0,1,78019,2526,62,wood,7.8,64.4,73.6,1240084.0,10.118114944081999,14.010499872173344,14.030690483618983,0.39131610573292,0,-0.24786775754873797,0,0,0,0,0,0,0,0,0
2021,IA,19153,Polk,2,2,Thunderstorm Wind,101.1,3.07,0.0,2.5,109457,40.0,40477.0,6786.0,1890520.0,1,85710,597,54,wood,17.9,59.2,62.2,1999977.0,11.603296193016275,14.45236301042387,14.50864673846372,0.4714400574506841,1,-0.5546657567437404,0,0,0,0,0,0,0,0,0
2021,KS,20173,Sedgwick,1,1,Tornado,128.9,2.55,0.0,10.2,78379,57.0,21328.0,5146.0,1509018.0,1,78304,592,56,wood,5.4,63.7,62.9,1587397.0,11.269324071753623,14.226970328790665,14.277606755716233,0.5113508188608102,1,0.1351093009535011,0,0,0,0,0,0,0,0,0
2021,LA,22071,Orleans,1,1,Hurricane (Typhoon),146.0,0.0,5.79,1.6,55057,109.0,55749.0,21914.0,8465267.0,1,60352,2274,68,wood,7.8,71.6,80.6,8520324.0,10.916142454026694,15.951482232823759,15.957965043617882,0.5537530621047407,1,-0.4035965170181902,0,0,1,0,0,0,1,0,0
2021,MI,26081,Kent,2,1,Winter Storm,79.6,0.0,0.0,16.5,131274,31.0,101608.0,27557.0,4004115.0,1,82725,705,58,wood,10.2,67.2,68.1,4135389.0,11.78504963850606,15.202833390026568,15.235092198800118,0.42496112718409956,0,-0.08307669954611177,0,0,0,0,0,0,0,0,0
2021,MN,27003,Anoka,1,1,Tornado,54.9,1.73,0.0,5.3,59602,19.0,13342.0,5482.0,357656.0,1,100554,792,54,wood,11.2,52.2,55.5,417258.0,10.995461187357119,12.787329705552462,12.941462411093733,0.37792926220478984,0,-0.17997875637165445,0,0,0,0,0,0,0,0,0
2021,MS,28049,Hinds,1,1,Thunderstorm Wind,132.0,0.0,0.0,7.5,104999,24.0,47803.0,9589.0,1377408.0,1,54849,317,62,wood,7.2,55.8,71.7,1482407.0,11.56171562913966,14.135714756121047,14.209178350592799,0.40170301246922907,0,-0.6801477745484129,0,0,0,0,0,0,0,0,0
2021,MO,29095,Jackson,1,1,Tornado,112.6,1.73,0.0,8.5,7173,14.0,48300.0,4814.0,743596.0,1,77863,1645,60,wood,6.6,54.1,72.0,750769.0,8.878218658092228,13.519254500394176,13.528854625517377,0.42306102299011467,0,-0.45251752749336377,0,0,0,0,0,0,0,0,0
2021,NE,31055,Douglas,1,1,Tornado,131.5,1.95,0.0,1.2,50196,21.0,8960.0,4795.0,288855.0,1,94388,1547,54,wood,11.7,59.9,56.9,339051.0,10.823710542937889,12.573683573020679,12.73390876692957,0.4183881639773906,0,-0.04032890753992387,0,0,0,0,0,0,0,0,0
2021,NV,32003,Clark,2,2,Flash Flood,57.0,0.0,0.0,9.6,35355,7.0,94942.0,7630.0,718004.0,1,81164,530,44,masonry,14.4,54.0,49.0,753359.0,10.47322338818084,13.484231811794414,13.532298480183945,0.3372430081456838,0,-0.18958193320640254,0,0,0,0,0,0,0,0,0
2021,NJ,34013,Essex,1,1,Thunderstorm Wind,80.0,0.0,0.0,2.7,144827,25.0,99035.0,7523.0,2663950.0,1,92191,6853,74,masonry,13.2,65.4,87.1,2808777.0,11.883302110405898,14.795320917079863,14.84826007127934,0.3432278956502743,0,-0.7990497981427632,0,0,0,0,0,0,0,0,1
2021,NY,36059,Nassau,1,1,Winter Storm,63.7,0.0,0.0,2.5,51121,14.0,20434.0,12867.0,466214.0,1,138610,5273,74,masonry,6.3,72.2,92.3,517335.0,10.841970211916781,13.052402180098364,13.156447845683081,0.3019595235713222,0,0.143401500361162,0,0,0,0,0,0,0,1,1
2021,NC,37119,Mecklenburg,2,2,Hail,87.2,1.32,0.0,9.7,91264,17.0,42843.0,5000.0,813331.0,1,91611,1170,44,wood,6.3,64.8,61.7,904595.0,11.421522641496885,13.608894669255669,13.715243714172194,0.424633646333916,0,0.4906057512172051,0,0,0,0,0,0,0,0,0
2021,OH,39049,Franklin,1,1,Thunderstorm Wind,83.3,0.0,0.0,2.7,21143,11.0,102952.0,7255.0,1212277.0,1,81976,1631,52,wood,11.9,61.3,59.3,1233420.0,9.959111456284125,14.00801179224674,14.025302167501284,0.31651950051328887,0,-0.12255973481090743,0,0,0,0,0,0,0,0,0
2021,OK,40109,Oklahoma,3,2,Hail,144.2,3.82,0.0,18.3,172063,80.0,25665.0,19726.0,3631280.0,1,76303,906,52,wood,12.9,52.7,64.1,3803343.0,12.055621779609405,15.105096036551082,15.151391237723622,0.6361481355830332,1,-0.5767562719385111,0,1,0,0,0,0,0,0,0
2021,OR,41051,Multnomah,1,1,Flash Flood,34.4,0.0,1.29,4.1,3865,50.0,17875.0,3113.0,1049400.0,1,93303,1838,58,wood,5.2,71.6,71.7,1053265.0,8.259975659768276,13.863730083159776,13.867406370801124,0.3028032987654711,0,0.3679829626445306,0,0,1,0,0,0,0,0,0
2021,PA,42101,Philadelphia,2,1,Flash Flood,76.2,0.0,0.77,17.2,87389,249.0,33226.0,5226.0,9574548.0,1,69431,13142,76,masonry,10.1,56.8,86.9,9661937.0,11.37813613862159,16.07461899009398,16.083704807184986,0.45150308468872824,0,-1.1579184703990435,0,0,1,0,0,1,1,0,1
2021,SC,45045,Greenville,1,1,Hail,83.2,0.44,0.0,4.7,14377,40.0,52674.0,10075.0,2509960.0,1,79495,531,46,wood,14.4,54.3,62.6,2524337.0,9.573454539543818,14.735777773138647,14.741489408099058,0.3470232938507096,0,-0.4402468404265269,0,0,0,0,0,0,0,0,0
2021,TN,47037,Davidson,1,1,Thunderstorm Wind,100.0,0.0,0.0,7.6,36174,2.0,176728.0,18393.0,390242.0,1,79246,1374,51,wood,16.2,67.8,59.9,426416.0,10.496123551499684,12.874524900997073,12.963173019706955,0.35395519699234085,0,-0.15979101812529234,0,0,0,0,0,0,0,0,0
2021,TN,47157,Shelby,1,1,Tornado,89.4,2.55,0.0,7.7,82045,18.0,28858.0,8929.0,680166.0,1,75271,1474,56,wood,5.5,65.7,61.0,762211.0,11.31503534456815,13.43009363523573,13.543980011197203,0.4597783091396677,0,0.19393047374507352,0,0,0,0,0,0,0,0,0
2021,TX,48029,Bexar,1,1,Tornado,116.5,3.05,0.0,11.8,149104,46.0,13079.0,16189.0,1346328.0,1,83955,1174,44,masonry,8.3,57.4,54.0,1495432.0,11.912406034731136,14.11289218725379,14.217926354978665,0.536832905646305,1,0.19320555853398663,0,0,0,0,0,0,0,0,0
2021,TX,48113,Dallas,1,1,Hail,140.0,1.99,0.0,6.6,74275,38.0,37977.0,9343.0,1798160.0,1,86205,3216,50,wood,15.6,67.2,50.6,1872435.0,11.215543163720486,14.402275033942592,14.442750814884192,0.47837041147046344,1,0.07892289345269435,0,0,0,0,0,0,0,0,0
2021,UT,49035,Salt Lake,1,1,Thunderstorm Wind,47.2,0.0,0.0,8.5,25800,38.0,11310.0,3161.0,549898.0,1,96723,1532,48,masonry,15.0,61.2,50.9,575698.0,10.158168529848494,13.217489903981797,13.263340233646586,0.3172859397777529,0,0.0514113397085663,0,0,0,0,0,0,0,0,0
2021,VA,51059,Fairfax,1,1,Thunderstorm Wind,15.4,0.0,0.0,9.5,2311,406.0,37126.0,14403.0,20920774.0,1,166750,3072,54,wood,12.3,70.1,65.8,20923085.0,7.7458682297922685,16.856253242363916,16.85636370062217,0.3025313068554885,0,0.800629228624763,0,0,0,0,0,1,1,1,0
2021,WA,53033,King,1,1,Winter Storm,27.8,0.0,0.0,0.5,24303,177.0,44969.0,3272.0,8538657.0,1,135788,1064,52,wood,14.2,71.3,56.1,8562960.0,10.098396224835554,15.960114410559378,15.962956599519387,0.27962139387376445,0,0.630898431783159,0,0,0,0,0,1,1,1,0
2021,WI,55079,Milwaukee,1,1,Thunderstorm Wind,57.5,0.0,0.0,7.4,5431,20.0,80665.0,30502.0,2223340.0,1,63406,6931,70,wood,14.1,66.6,85.5,2228771.0,8.600062669238532,14.614521577493614,14.616961319114695,0.3131990002867156,0,-0.9810572631284735,0,0,0,0,0,0,0,0,1
2022,AL,01073,Jefferson,1,1,Thunderstorm Wind,97.6,0.0,0.0,5.2,205931,55.0,87651.0,10204.0,5382025.0,1,73096,755,55,wood,5.5,61.4,70.9,5587956.0,12.235301296190304,15.498575441175193,15.536124304268538,0.38159384295131754,0,-0.0958707028591352,0,0,0,0,0,0,0,0,0
2022,AZ,04013,Maricopa,1,1,Winter Storm,83.4,0.0,0.0,10.4,6338,76.0,95904.0,19263.0,8752692.0,1,87025,562,39,masonry,9.0,67.6,39.1,8759030.0,8.754476306284166,15.984871982410459,15.985595840355769,0.36448744189731824,0,0.8308599576846877,0,0,0,0,0,0,1,0,0
2022,AR,05119,Pulaski,1,1,Thunderstorm Wind,106.8,0.0,0.0,7.1,24487,117.0,36685.0,4457.0,4813614.0,1,73754,435,53,wood,7.2,71.3,60.1,4838101.0,10.105938480625248,15.386958919054273,15.39203305302205,0.3740074819711157,0,0.3377961548436862,0,0,0,0,0,0,0,0,0
2022,CA,06073,San Diego,1,1,Winter Storm,57.4,0.0,0.0,8.9,31779,11.0,43693.0,5423.0,540276.0,1,108572,836,49,wood,12.7,56.0,57.4,572055.0,10.366592440090708,13.199837249982894,13.25699216766774,0.32976852746269353,0,0.0018075719537153853,0,0,0,0,0,0,0,0,0
2022,CO,08031,Denver,1,1,Tornado,78.8,1.83,0.0,1.5,26712,5.0,6416.0,9719.0,80675.0,1,101770,5003,57,wood,11.2,53.6,70.3,107387.0,10.192905617280958,11.298196412257036,11.584203722970859,0.35598674519768864,0,-0.40528570672856257,0,0,0,0,0,0,0,0,0
2022,CO,08041,El Paso,2,2,Hail,82.8,3.43,0.0,10.6,118365,55.0,50046.0,11781.0,3400485.0,1,92526,312,45,wood,9.1,57.5,49.8,3518850.0,11.681536798030931,15.039428920547744,15.073645073832981,0.5240308922706766,1,0.28003469610236353,0,0,0,0,0,0,0,0,0
2022,FL,12095,Orange,1,1,Thunderstorm Wind,173.7,0.0,0.0,5.7,51532,135.0,40300.0,12129.0,7077915.0,1,81764,1466,45,masonry,11.6,63.3,60.5,7129447.0,10.849977658141125,15.772490072057868,15.779744370038607,0.42987611120734054,0,0.06780651946383699,1,0,0,0,0,1,0,0,0
2022,GA,13089,Dekalb,2,2,Hail,93.5,1.87,0.0,22.3,244445,17.0,36551.0,8420.0,764507.0,1,81175,2923,57,wood,5.0,55.5,73.2,1008952.0,12.40674970460844,13.546987768652292,13.824423717477785,0.5344338989092943,1,-0.25376266465746966,0,0,0,1,0,0,0,0,0
2022,IL,17031,Cook,1,1,Flash Flood,72.9,0.0,0.87,9.1,14333,58.0,103963.0,3022.0,6205130.0,1,92243,6274,69,wood,17.0,72.5,76.7,6219463.0,9.570389616553864,15.640887088404435,15.643194287368761,0.38031200993707315,0,-0.5220259996128158,0,0,1,0,0,0,0,0,1
2022,IN,18097,Marion,1,1,Thunderstorm Wind,77.7,0.0,0.0,2.7,27307,9.0,72565.0,11642.0,757863.0,1,78025,2505,63,wood,6.2,70.0,76.1,785170.0,10.214934978538171,13.538259229001834,13.573656807436983,0.3109934884657467,0,-0.04086485516042528,0,0,0,0,0,0,0,0,0
2022,IA,19153,Polk,1,1,Hail,152.4,0.98,0.0,1.8,3034,29.0,73183.0,10423.0,2424574.0,1,89485,582,55,wood,13.1,68.5,65.2,2427608.0,8.017966703493599,14.70116680926233,14.702417380302263,0.38662504182564555,0,-0.03162313952297539,0,0,0,0,0,0,0,0,0
2022,KS,20091,Johnson,1,1,Thunderstorm Wind,111.9,0.0,0.0,4.2,219219,49.0,18752.0,4603.0,1144395.0,1,112885,1126,47,wood,13.5,63.2,48.8,1363614.0,12.297831070769714,13.950387544870614,14.125649819478724,0.3739770435497709,0,0.3981197597232103,0,0,0,0,0,0,0,0,0
2022,LA,22071,Orleans,1,1,Flash Flood,104.5,0.0,3.05,8.9,91723,83.0,45274.0,5879.0,4245699.0,1,63174,2282,69,wood,13.6,53.0,81.0,4337422.0,11.426539347010879,15.261417264015307,15.282790950918297,0.48460644510574696,1,-1.303460067670221,0,0,1,0,0,0,0,0,0
2022,MI,26081,Kent,2,2,Flash Flood,86.4,0.0,0.73,10.3,92942,40.0,49982.0,7148.0,2285200.0,1,83437,720,59,wood,7.9,63.7,62.6,2378142.0,11.439741681007623,14.641964543430808,14.681830488991716,0.4065376950161279,0,-0.0007969058589581302,0,0,1,0,0,0,0,0,0
2022,MN,27053,Hennepin,1,1,Hail,43.2,1.2,0.0,8.4,43599,11.0,14562.0,9731.0,267223.0,1,106763,2094,63,wood,11.2,58.8,65.0,310822.0,10.682812429337126,12.495842536970303,12.646978897311577,0.3599382907367732,0,-0.223702200662823,0,0,0,0,0,0,0,0,0
2022,MS,28049,Hinds,1,1,Hail,89.9,0.06,0.0,7.2,49490,27.0,50664.0,5123.0,1506249.0,1,58825,320,63,wood,7.7,58.3,81.3,1555739.0,10.809546113844034,14.225133676221102,14.257461874642848,0.3617037156924911,0,-0.7542940400942101,0,0,0,0,0,0,0,0,0
2022,MO,29095,Jackson,1,1,Tornado,104.0,2.9,0.0,10.1,24649,22.0,55709.0,17399.0,1608376.0,1,80242,1634,61,wood,9.7,71.4,71.0,1633025.0,10.112532179470836,14.290736153977619,14.30594529344251,0.492197821332436,1,-0.046164926430472784,0,0,0,0,0,0,0,0,0
2022,NE,31055,Douglas,1,1,Hail,85.4,2.43,0.0,9.0,31159,117.0,23224.0,4261.0,3215745.0,1,89550,1579,55,wood,9.0,72.9,62.7,3246904.0,10.346890499984685,14.9835699260624,14.993212792880557,0.4619984362039669,0,0.36529993830013147,0,0,0,0,0,0,0,0,0
2022,NV,32003,Clark,2,2,Flash Flood,107.1,0.0,0.05,10.299999999999999,11789,34.0,47591.0,30134.0,2642650.0,1,87257,540,45,masonry,8.9,59.9,52.4,2654439.0,9.375006993531416,14.787293137951082,14.791744267623644,0.3803614663392105,0,0.2779346935451053,0,0,1,0,0,0,0,0,0
2022,NJ,34013,Essex,2,2,Flash Flood,66.7,0.0,2.05,11.7,165910,35.0,71280.0,6186.0,2711310.0,1,89552,6753,75,masonry,11.7,53.1,85.6,2877220.0,12.01920677898347,14.812942839717522,14.872335455711388,0.44555295603026407,0,-1.132628884858626,0,0,1,0,0,0,0,0,1
2022,NY,36029,Erie,2,1,Winter Storm,79.0,0.0,0.0,13.2,26910,40.0,32402.0,12962.0,1814560.0,1,82011,777,72,wood,8.4,64.8,79.8,1841470.0,10.200290403937228,14.411354123146792,14.42607526671176,0.3800954505886464,0,-0.5106882524007613,0,0,0,0,0,0,0,0,0
2022,NY,36059,Nassau,1,1,Thunderstorm Wind,76.3,0.0,0.0,1.2,78256,33.0,22916.0,22070.0,1484538.0,1,154097,5189,75,masonry,14.9,52.5,86.4,1562794.0,11.267753561270382,14.210614844312738,14.261986442772217,0.31940431112019335,0,-0.724876426522014,0,0,0,0,0,0,0,1,1
2022,NY,36103,Suffolk,1,1,Flash Flood,95.2,0.0,2.6,3.0,181252,42.0,20088.0,2176.0,935088.0,1,140531,1806,67,wood,11.9,58.4,65.8,1116340.0,12.10764912430408,13.748396990906588,13.925566930806358,0.42495118276150173,0,-0.04196662937437601,0,0,1,0,0,0,0,1,0
2022,NC,37119,Mecklenburg,3,2,Thunderstorm Wind,88.2,2.78,0.0,19.1,150267,9.0,18422.0,4973.0,210555.0,1,92820,1166,45,wood,11.9,66.5,51.8,360822.0,11.920175645554746,12.257506929978158,12.796142812367219,0.5301911106935767,1,0.39079759785521034,0,0,0,0,0,0,0,0,0
2022,OH,39035,Cuyahoga,2,1,Winter Storm,115.4,0.0,0.0,11.2,289214,54.0,7425.0,7904.0,827766.0,1,73947,3098,71,wood,9.6,71.4,84.2,1116980.0,12.574925635141605,13.626486992800531,13.926140068058862,0.4174155386463865,0,-0.48822842994811066,0,0,0,0,1,0,0,0,0
2022,OH,39049,Franklin,1,1,Thunderstorm Wind,123.8,0.0,0.0,7.3,122677,57.0,25241.0,14447.0,2262216.0,1,88113,1669,53,wood,17.8,71.3,67.2,2384893.0,11.717318315519492,14.631855863859775,14.684665236872451,0.4003727549832216,0,-0.19798595237662106,0,0,0,0,0,0,0,0,0
2022,OK,40109,Oklahoma,1,1,Thunderstorm Wind,107.7,0.0,0.0,10.3,44747,16.0,43467.0,7347.0,813024.0,1,72540,927,53,wood,14.1,68.5,61.2,857771.0,10.70880202996682,13.60851713836467,13.662093608890759,0.3844485455540303,0,-0.14635399387330694,0,0,0,0,0,0,0,0,0
2022,OK,40143,Tulsa,1,1,Hail,124.4,3.26,0.0,6.1,51160,20.0,20617.0,2308.0,458500.0,1,77664,1023,57,wood,5.6,68.3,67.6,509660.0,10.842732802022468,13.03571775170136,13.141501077803255,0.4963314915658455,1,0.17497133820745858,0,0,0,0,0,0,0,0,0
2022,OR,41051,Multnomah,1,1,Winter Storm,51.9,0.0,0.0,8.4,316969,21.0,64106.0,4547.0,1441713.0,1,93026,1899,59,wood,8.5,52.4,69.7,1758682.0,12.666562411157058,14.181343241510978,14.380075791446998,0.35795949334484534,0,-0.4109031309024235,0,0,0,0,1,0,0,0,0
2022,PA,42101,Philadelphia,2,2,Flash Flood,54.5,0.0,2.06,2.7,329469,39.0,61833.0,2335.0,2502552.0,1,65660,12941,77,masonry,12.6,73.9,91.8,2832021.0,12.705240581738694,14.732821968768423,14.856501502127156,0.391720728669185,0,-0.8739493232746904,0,0,1,0,1,0,0,0,1
2022,SC,45045,Greenville,1,1,Thunderstorm Wind,103.2,0.0,0.0,10.0,9171,43.0,37176.0,15848.0,2280032.0,1,82485,548,47,wood,12.5,56.3,54.8,2289203.0,9.123910643977796,14.639700474510091,14.643714716850871,0.36995053902721037,0,-0.14718414210711547,0,0,0,0,0,0,0,0,0
2022,TN,47037,Davidson,1,1,Tornado,90.0,0.41,0.0,8.6,10133,9.0,68301.0,2029.0,632970.0,1,85353,1382,52,wood,6.1,73.4,58.3,643103.0,9.223651386035854,13.35817988649074,13.374061731976104,0.35740403848679425,0,0.6188159615032118,0,0,0,0,0,0,0,0,0
2022,TN,47157,Shelby,1,1,Hail,64.2,0.67,0.0,0.8,23585,30.0,236514.0,18867.0,7661430.0,1,75667,1526,57,wood,17.2,66.0,64.0,7685015.0,10.068408594649915,15.851709338890506,15.854783016930545,0.33431932760962924,0,-0.4787492577852147,0,0,0,0,0,0,0,0,0
2022,TX,48201,Harris,1,1,Hurricane (Typhoon),146.5,0.0,1.95,9.8,18180,80.0,39995.0,3915.0,3512800.0,1,79635,3060,49,wood,6.4,64.0,63.9,3530980.0,9.808132371719273,15.071924282902799,15.077086293984124,0.4702777681733368,1,0.2197642503080907,0,0,1,0,0,0,0,0,0
2022,TX,48439,Tarrant,1,1,Hail,76.3,3.27,0.0,7.9,1840,236.0,19251.0,3247.0,5309528.0,1,92947,2465,47,wood,11.7,56.5,56.2,5311368.0,7.518064181233078,15.485013688719022,15.485360175431993,0.4528467430882321,0,-0.020889872188414184,0,0,0,0,0,1,0,0,0
2022,UT,49035,Salt Lake,1,1,Thunderstorm Wind,67.5,0.0,0.0,8.0,83090,256.0,4016.0,12813.0,4308224.0,1,103707,1549,49,masonry,17.4,59.7,54.1,4391314.0,11.327691671729221,15.276036544306816,15.295139284616017,0.3618948539701066,0,-0.1254848660618096,0,0,0,0,0,1,0,0,0
2022,VA,51059,Fairfax,1,1,Thunderstorm Wind,78.1,0.0,0.0,8.4,36867,26.0,33377.0,3989.0,971516.0,1,168278,3167,55,wood,9.3,69.8,70.3,1008383.0,10.515099245113555,13.786614046359862,13.82385960745047,0.34985014715294466,0,0.8776415690050922,0,0,0,0,0,0,0,1,0
2022,WA,53033,King,1,1,Thunderstorm Wind,109.4,0.0,0.0,8.5,54077,15.0,3855.0,24028.0,418245.0,1,138025,1056,53,wood,12.9,52.9,58.2,472322.0,10.898182727784464,12.94382505514524,13.065418352560036,0.3717141557090697,0,0.08322660352191481,0,0,0,0,0,0,0,1,0
2022,WI,55079,Milwaukee,2,2,Flash Flood,99.0,0.0,0.54,17.2,55425,247.0,65784.0,3089.0,17011631.0,1,65873,6958,71,wood,10.0,73.9,89.3,17067056.0,10.92280407672139,16.649407903332367,16.652660672173837,0.46236779600394334,0,-0.5835537052531278,0,0,1,0,0,1,1,0,1
2023,AL,01073,Jefferson,1,1,Tornado,125.2,1.58,0.0,11.4,366103,22.0,29761.0,16778.0,1023858.0,1,77264,746,56,wood,8.5,59.0,67.9,1389961.0,12.81067272502515,13.83908937978822,14.144786966603684,0.492167483216628,1,-0.2655278918945118,0,0,0,0,1,0,0,0,0
2023,AL,01097,Mobile,1,1,Thunderstorm Wind,146.6,0.0,0.0,11.5,3205,77.0,32761.0,6018.0,2985983.0,1,70465,505,60,wood,8.2,53.4,75.8,2989188.0,8.072779333169498,14.909439898728001,14.910512671117143,0.40246650351665697,0,-0.6875400619131394,0,0,0,0,0,0,0,0,0
2023,AZ,04013,Maricopa,1,1,Thunderstorm Wind,33.6,0.0,0.0,8.4,16180,15.0,3673.0,6385.0,150870.0,1,86706,571,40,masonry,5.9,54.7,44.4,167050.0,9.691592993399809,11.924180446035127,12.026054433998652,0.28932539377942973,0,0.4814862851718355,0,0,0,0,0,0,0,0,0
2023,AR,05119,Pulaski,1,1,Tornado,99.8,2.37,0.0,4.6,52956,184.0,18718.0,10733.0,5418984.0,1,71788,435,54,wood,7.4,71.9,70.3,5471940.0,10.877235542480735,15.505419086506036,15.515143956062653,0.45622471207047205,0,0.15374675252944034,0,0,0,0,0,1,0,0,0
2023,CA,06073,San Diego,1,1,Thunderstorm Wind,55.0,0.0,0.0,1.0,42464,27.0,96717.0,15645.0,3033774.0,1,109079,837,50,wood,9.4,70.1,59.6,3076238.0,10.656435486214109,14.925318276615283,14.939218304898807,0.30094466908127726,0,0.5796753588022923,0,0,0,0,0,0,0,0,0
2023,CO,08041,El Paso,2,2,Thunderstorm Wind,63.9,3.69,0.0,14.6,121266,16.0,32665.0,5855.0,616320.0,1,89136,315,46,wood,16.1,73.6,52.8,737586.0,11.705750005157329,13.331523210684276,13.511139326340354,0.5277350511847922,1,0.32553889599311236,0,1,0,0,0,0,0,0,0
2023,FL,12086,Miami-Dade,1,1,Flash Flood,174.8,0.0,5.63,9.7,7836,151.0,24146.0,8190.0,4882736.0,1,74449,1537,56,masonry,6.0,69.8,66.6,4890572.0,8.966611387052865,15.401216481261514,15.402820032500369,0.5907368841122819,1,0.20517247280980583,1,0,1,0,0,1,0,0,0
2023,FL,12095,Orange,1,1,Hurricane (Typhoon),142.9,0.0,4.42,2.9,1302455,178.0,55892.0,2912.0,10467112.0,1,86422,1435,46,masonry,11.0,64.2,50.3,11769567.0,14.079762270849043,16.163748804613274,16.281027775079437,0.5579752853378014,1,0.30898514913153086,0,0,1,0,1,1,1,0,0
2023,GA,13089,Dekalb,2,2,Thunderstorm Wind,112.9,2.72,0.0,12.0,119624,14.0,44628.0,12085.0,793982.0,1,83857,2850,58,wood,14.8,64.6,77.4,913606.0,11.692117128755255,13.584817329420718,13.725155779851027,0.5151546331145869,1,-0.5413749346422445,0,0,0,0,0,0,0,0,0
2023,IL,17031,Cook,2,2,Flash Flood,69.2,0.0,0.0,11.6,12479,35.0,12449.0,10695.0,810040.0,1,95459,6322,70,wood,5.8,66.3,72.8,822519.0,9.43188264192342,13.604840142651561,13.620128077435455,0.34723062689573325,0,-0.05379309260190905,0,0,0,0,0,0,0,0,1
2023,IL,17167,Sangamon,1,1,Tornado,101.4,1.29,0.0,8.3,59461,17.0,111907.0,20064.0,2243507.0,1,80069,321,62,wood,11.1,53.2,61.4,2302968.0,10.993092732044262,14.623551270248738,14.649709718008795,0.43040285015152674,0,-0.5754831317317465,0,0,0,0,0,0,0,0,0
2023,IN,18097,Marion,1,1,Tornado,137.5,2.07,0.0,2.6,30711,92.0,158294.0,41791.0,18407820.0,1,82465,2603,64,wood,11.5,54.2,74.8,18438531.0,10.332408736680634,16.72828618661703,16.729953163379246,0.4667667459988116,0,-0.7836556280035614,0,0,0,0,0,0,1,0,0
2023,IA,19153,Polk,2,1,Thunderstorm Wind,124.5,0.0,0.0,7.8,21640,81.0,40688.0,4415.0,3653343.0,1,86680,602,56,wood,16.1,72.5,62.9,3674983.0,9.982344942613622,15.1111534705198,15.1170593368781,0.38790926752138066,0,-0.07350726980584163,0,0,0,0,0,0,0,0,0
2023,KS,20173,Sedgwick,1,1,Thunderstorm Wind,122.2,0.0,0.0,10.1,137304,40.0,64881.0,6019.0,2836000.0,1,77644,595,58,wood,16.9,65.9,79.0,2973304.0,11.829960007698967,14.857905519243403,14.905184686694698,0.41858138720770005,0,-0.6944554855655362,0,0,0,0,0,0,0,0,0
2023,LA,22033,East Baton Rouge,1,1,Thunderstorm Wind,135.9,0.0,0.0,3.2,104145,232.0,75102.0,14204.0,20718992.0,1,69625,606,56,wood,5.6,61.7,54.9,20823137.0,11.5535490398066,16.84656137378842,16.851575330255006,0.40377317297793996,0,0.10057908743646424,0,0,0,0,0,1,1,0,0
2023,LA,22071,Orleans,1,1,Hurricane (Typhoon),116.3,0.0,3.78,1.7,23528,270.0,33292.0,16907.0,13553730.0,1,61113,2212,70,wood,12.3,61.6,77.8,13577258.0,10.065988981880777,16.422172417941482,16.42390681877964,0.4677227700356781,0,-0.9493695071660918,0,0,1,0,0,1,1,0,0
2023,MI,26081,Kent,1,1,Winter Storm,79.4,0.0,0.0,11.0,27595,7.0,21694.0,5740.0,192038.0,1,85521,713,60,wood,9.0,59.1,61.2,219633.0,10.225426113666,12.16545375538283,12.299717803591161,0.3481784610695163,0,-0.18374474773647656,0,0,0,0,0,0,0,0,0
2023,MN,27053,Hennepin,2,1,Hail,89.6,2.01,0.0,17.2,54748,45.0,65026.0,7672.0,3271410.0,1,102177,2128,64,wood,8.2,70.9,70.5,3326158.0,10.91051438267176,15.000731948275691,15.017328742763755,0.5029182678241585,1,0.17609119339394885,0,0,0,0,0,0,0,0,0
2023,MS,28049,Hinds,1,1,Hail,145.6,1.68,0.0,7.3,648818,70.0,43754.0,22534.0,4640160.0,1,57649,328,64,wood,14.0,65.1,66.0,5288978.0,13.382909066188086,15.35025962187633,15.481135779535412,0.5082169941814199,1,-0.6688208006030322,0,0,0,0,1,0,0,0,0
2023,MO,29095,Jackson,1,1,Hail,108.6,1.31,0.0,10.7,94926,7.0,15846.0,4779.0,144375.0,1,78063,1655,62,wood,16.2,63.7,75.5,239301.0,11.460863454143258,11.880176286641134,12.385481631571526,0.43180832848759115,0,-0.7450076712873839,0,0,0,0,0,0,0,0,0
2023,NE,31055,Douglas,1,1,Hail,141.9,2.23,0.0,11.7,59273,44.0,5284.0,2462.0,340824.0,1,96916,1586,56,wood,8.9,57.6,67.2,400097.0,10.989926040272529,12.73912442805433,12.89946479608252,0.5012779653289038,1,-0.13534569430601356,0,0,0,0,0,0,0,0,0
2023,NV,32003,Clark,1,1,Flash Flood,60.8,0.0,0.28,7.9,9510,24.0,40346.0,2079.0,1018200.0,1,87554,527,46,masonry,6.1,68.9,58.9,1027710.0,9.160204302482386,13.83354790257521,13.842844557068581,0.3263034196286767,0,0.5990281103897039,0,0,1,0,0,0,0,0,0
2023,NJ,34013,Essex,2,2,Thunderstorm Wind,61.9,0.0,0.0,12.0,28809,7.0,14497.0,9297.0,166558.0,1,94577,6805,76,masonry,16.0,69.3,87.6,195367.0,10.268477828078574,12.023104879988313,12.182640238547052,0.3396093181540487,0,-0.8458471313237211,0,0,0,0,0,0,0,0,1
2023,NY,36029,Erie,1,1,Thunderstorm Wind,42.2,0.0,0.0,2.3,95717,15.0,23802.0,4032.0,417510.0,1,83662,788,73,wood,17.9,73.2,74.7,513227.0,11.469161647529052,12.942066170231353,13.148475469861173,0.2904238799345733,0,-0.6728129360336803,0,0,0,0,0,0,0,0,0
2023,NY,36059,Nassau,1,1,Winter Storm,82.1,0.0,0.0,7.1,62036,72.0,67312.0,12811.0,5768856.0,1,146091,5338,76,masonry,5.6,67.9,95.0,5830892.0,11.035486260221871,15.567984525273634,15.578680719838705,0.367221808022157,0,0.03545985760524264,0,0,0,0,0,0,0,1,1
2023,NY,36103,Suffolk,2,2,Flash Flood,80.8,0.0,2.45,15.4,150403,16.0,21909.0,7932.0,477456.0,1,141555,1809,68,wood,13.9,57.1,67.6,627859.0,11.921080285888896,13.076229382491944,13.350072490661459,0.4728720395778041,1,-0.22615326568226263,0,0,1,0,0,0,0,1,0
2023,NC,37119,Mecklenburg,1,1,Thunderstorm Wind,103.9,0.0,0.0,11.5,10293,6.0,51182.0,8225.0,356442.0,1,94752,1168,46,wood,13.5,68.2,59.0,366735.0,9.2393164802127,12.783929618255035,12.812397522134148,0.36409610183034635,0,0.2499373954490296,0,0,0,0,0,0,0,0,0
2023,OH,39035,Cuyahoga,1,1,Flash Flood,110.2,0.0,1.9,7.8,9930,12.0,22672.0,5779.0,341412.0,1,71403,3115,72,wood,11.6,67.4,88.3,351342.0,9.203416456903359,12.740848167117802,12.769518233268325,0.4015416371258398,0,-0.8272703056695228,0,0,1,0,0,0,0,0,0
2023,OK,40109,Oklahoma,2,2,Hail,146.3,4.16,0.0,16.2,644375,59.0,27632.0,3200.0,1819088.0,1,78278,913,54,wood,6.1,59.8,65.8,2463463.0,13.376037685643524,14.413846384285733,14.717079047504395,0.6480863565633531,1,-0.03354826539036151,0,1,0,0,1,0,0,0,0
2023,OK,40143,Tulsa,1,1,Thunderstorm Wind,113.5,0.0,0.0,8.6,105843,25.0,47109.0,8760.0,1396725.0,1,76800,1016,58,wood,5.5,62.2,61.8,1502568.0,11.569721590969639,14.14964148442811,14.222686867797949,0.3939081159626138,0,0.04709265534813534,0,0,0,0,0,0,0,0,0
2023,OR,41051,Multnomah,1,1,Winter Storm,100.4,0.0,0.0,8.2,946402,122.0,29464.0,7278.0,4482524.0,1,91123,1883,60,wood,10.6,53.7,65.3,5428926.0,13.760423761548306,15.315697061690713,15.507252066490315,0.41714111313867713,0,-0.4506427791199785,0,0,0,0,1,1,0,0,0
2023,PA,42101,Philadelphia,1,1,Thunderstorm Wind,44.2,0.0,0.0,7.3,27311,21.0,36504.0,26886.0,1331190.0,1,67391,13171,78,masonry,15.6,68.6,92.8,1358501.0,10.215081445034222,14.101584588208919,14.121893180059454,0.3165044750744849,0,-1.2200579829607023,0,0,0,0,0,0,0,0,1
2023,SC,45045,Greenville,2,1,Thunderstorm Wind,94.4,0.0,0.0,9.600000000000001,96590,12.0,210013.0,7353.0,2608392.0,1,82494,542,48,wood,11.8,54.5,54.2,2704982.0,11.478240848158366,14.774244880860104,14.81060618558493,0.3893094305264706,0,-0.17691015333090832,0,0,0,0,0,0,0,0,0
2023,TN,47037,Davidson,1,1,Hail,120.7,2.13,0.0,8.3,175413,58.0,72592.0,3539.0,4415598.0,1,85003,1380,53,wood,11.2,69.6,63.8,4591011.0,12.074904173294831,15.30065405665652,15.339611037037571,0.49653785641325854,1,0.12084179139890652,0,0,0,0,0,0,0,0,0
2023,TX,48029,Bexar,1,1,Hail,63.1,2.93,0.0,10.7,10561,97.0,5914.0,10848.0,1625914.0,1,80791,1173,46,masonry,9.6,71.2,52.8,1636475.0,9.26501793326688,14.301581292200725,14.308055707371286,0.45535480552325264,0,0.5155404848488254,0,0,0,0,0,0,0,0,0
2023,TX,48439,Tarrant,1,1,Tornado,85.9,3.36,0.0,7.3,182467,6.0,51992.0,4146.0,336828.0,1,92125,2494,48,wood,10.9,63.8,49.9,519295.0,12.114330094164643,12.727330662156593,13.160229327126064,0.4892891728063953,1,0.3240485059148316,0,0,0,0,0,0,0,0,0
2023,UT,49035,Salt Lake,1,1,Thunderstorm Wind,53.0,0.0,0.0,1.8,56972,19.0,80464.0,5859.0,1640137.0,1,99460,1531,50,masonry,15.6,63.9,60.6,1697109.0,10.950332750382355,14.310290942601739,14.344437362386687,0.30198435953184805,0,-0.053577214538818696,0,0,0,0,0,0,0,0,0
2023,VA,51059,Fairfax,1,1,Winter Storm,63.1,0.0,0.0,11.9,10159,42.0,51507.0,8900.0,2537094.0,1,183633,3148,56,wood,15.1,65.5,75.5,2547253.0,9.226213721132472,14.746530283682471,14.750526474156233,0.35192348247404687,0,0.4792935201990039,0,0,0,0,0,0,0,1,0
2023,WA,53033,King,2,1,Flash Flood,28.9,0.0,0.84,14.8,16095,4.0,52313.0,3884.0,224788.0,1,134393,1062,54,wood,7.7,60.2,64.1,240883.0,9.686326072899465,12.322917463420103,12.392070768796552,0.35022688074511726,0,0.44963960698603406,0,0,1,0,0,0,0,1,0
2023,WI,55079,Milwaukee,1,1,Flash Flood,67.8,0.0,0.0,6.7,79030,52.0,42515.0,14496.0,2964572.0,1,68883,7018,72,wood,7.2,73.8,81.1,3043602.0,11.277595459541718,14.902243566552299,14.928552568958878,0.3507488745535317,0,-0.30340957680255076,0,0,0,0,0,0,0,0,1
